comppct_l,comppct_r,comppct_h,compname,compkind,majcompflag,otherph,localphase,slope_l,slope_r,slope_h,slopelenusle_l,slopelenusle_r,slopelenusle_h,runoff,tfact,wei,weg,erocl,earthcovkind1,earthcovkind2,hydricon,hydricrating,drainagecl,elev_l,elev_r,elev_h,aspectccwise,aspectrep,aspectcwise,geomdesc,albedodry_l,albedodry_r,albedodry_h,airtempa_l,airtempa_r,airtempa_h,map_l,map_r,map_h,reannualprecip_l,reannualprecip_r,reannualprecip_h,ffd_l,ffd_r,ffd_h,nirrcapcl,nirrcapscl,nirrcapunit,irrcapcl,irrcapscl,irrcapunit,cropprodindex,constreeshrubgrp,wndbrksuitgrp,rsprod_l,rsprod_r,rsprod_h,foragesuitgrpid,wlgrain,wlgrass,wlherbaceous,wlshrub,wlconiferous,wlhardwood,wlwetplant,wlshallowwat,wlrangeland,wlopenland,wlwoodland,wlwetland,soilslippot,frostact,initsub_l,initsub_r,initsub_h,totalsub_l,totalsub_r,totalsub_h,hydgrp,corcon,corsteel,taxclname,taxorder,taxsuborder,taxgrtgroup,taxsubgrp,taxpartsize,taxpartsizemod,taxceactcl,taxreaction,taxtempcl,taxmoistscl,taxtempregime,soiltaxedition,castorieindex,flecolcomnum,flhe,flphe,flsoilleachpot,flsoirunoffpot,fltemik2use,fltriumph2use,indraingrp,innitrateleachi,misoimgmtgrp,vasoimgtgrp,mukey,cokey
,90,,Pits,Miscellaneous area,Yes,,quarry,1.0,21.0,40.0,,,,,,,,,Barren land,Sand and gravel,,No,,2.0,10.0,20.0,,,,borrow pits,,,,,,,,,,,,,,,,,,,,,,,,,,,,,,,,,,,,,,,,,,,,,,,,,D,,,,,,,,,,,,,,,,,,,,,,N/A,N/A,,,,,1903060,13765524
,5,,Colmena,Series,No,,,,,,,,,,,,,,,,,,,,,,,,,,,,,,,,,,,,,,,,,,,,,,,,,,,,,,,,,,,,,,,,,,,,,,,,,,,,,,,,,,,,,,,,,,,,,,,,N/A,N/A,,,,,1903060,13765525
,5,,Topo,Series,No,,,,,,,,,,,,,,,,,,,,,,,,,,,,,,,,,,,,,,,,,,,,,,,,,,,,,,,,,,,,,,,,,,,,,,,,,,,,,,,,,,,,,,,,,,,,,,,,N/A,N/A,,,,,1903060,13765526
5,10,15,Unnamed,,No,,,,,,,,,,,,,,,,,No,,,,,,,,stream terraces on meander belts,,,,,,,,,,,,,,,,,,,,,,,,,,,,,,,,,,,,,,,,,,,,,,,,,,,,,,,,,,,,,,,,,,,,,,,N/A,N/A,,,,,2403278,13765495
85,90,95,Nusil,Series,Yes,,,1.0,3.0,5.0,,61,,Low,5,134,2,None - deposition,Grass/herbaceous cover,Shrubby rangeland,,No,Well drained,76.0,91.0,137.0,85,135,190,stream terraces on river valleys,,0.23000000417232513,,21.0,22.0,23.0,560,611,700,,,,270,290,320,4,e,,,,,,,,2500,4000,5000,,,,,,,,,,,,,,,None,0,0,0,,,,C,Low,Moderate,"Loamy, siliceous, active, hyperthermic Arenic Paleustalfs",Alfisols,Ustalfs,Paleustalfs,Arenic Paleustalfs,loamy,not used,active,not used,hyperthermic,Ustic,hyperthermic,tenth edition,,,,,,,N/A,N/A,,,,,2403278,13765496
85,90,95,Papagua,Series,Yes,,,0.0,0.5,1.0,,61,,Negligible,5,86,3,None - deposition,Grass/herbaceous cover,Shrubby rangeland,Neither wooded nor farmable under natural conditions,Yes,Somewhat poorly drained,76.0,118.0,160.0,85,135,190,"coastal plains, depressions",,0.30000001192092896,,22.0,23.0,23.0,580,611,700,,,,270,290,320,3,w,,,,,,,,2500,4500,6000,,,,,,,,,,,,,,Low,None,0,0,0,,,,C/D,Low,High,"Fine, mixed, active, hyperthermic Typic Albaqualfs",Alfisols,Aqualfs,Albaqualfs,Typic Albaqualfs,fine,not used,active,not used,hyperthermic,,hyperthermic,tenth edition,,,,,,,N/A,N/A,,,,,2403279,13765497
5,10,15,Unnamed,,No,,,,,,,,,,,,,,,,,No,,,,,,,,depressions on coastal plains,,,,,,,,,,,,,,,,,,,,,,,,,,,,,,,,,,,,,,,,,,,,,,,,,,,,,,,,,,,,,,,,,,,,,,,N/A,N/A,,,,,2403279,13765498
85,90,95,Tiocano,Series,Yes,,,0.0,0.5,1.0,30,30,60,Negligible,5,86,4,None - deposition,Grass/herbaceous cover,Other grass/herbaceous cover,,No,Somewhat poorly drained,48.79999923706055,79.30000305175781,237.6999969482422,0,135,360,closed depressions on coastal plains,,0.09000000357627869,,21.100000381469727,21.700000762939453,22.700000762939453,635,685,762,,,,270,285,300,4,w,,4,w,,,4c,,3000,4000,5000,,,,,,,,,,,,,,,None,0,0,0,0,0,0,D,Low,High,"Fine, smectitic, hyperthermic Udic Haplusterts",Vertisols,Usterts,Haplusterts,Udic Haplusterts,fine,not used,not used,not used,hyperthermic,Udic,hyperthermic,eleventh edition,,,,,,,N/A,N/A,,,,,2403280,13765597
3,7,10,Realitos,Series,No,,,0.0,0.5,1.0,,,,,,,,,,,,No,Somewhat poorly drained,48.79999923706055,79.30000305175781,237.6999969482422,,,,,,,,21.100000381469727,21.700000762939453,22.700000762939453,635,685,762,,,,270,285,300,,,,,,,,,,,,,,,,,,,,,,,,,,,,,,,,,,,,,"Fine, smectitic, hyperthermic Typic Haplusterts",Vertisols,Usterts,Haplusterts,Typic Haplusterts,fine,not used,not used,not used,hyperthermic,Typic,hyperthermic,eleventh edition,,,,,,,N/A,N/A,,,,,2403280,13765598
0,1,5,Papalote,Series,No,,,0.0,0.5,1.0,,,,,,,,,,,,No,Moderately well drained,48.79999923706055,79.30000305175781,237.6999969482422,,,,,,,,21.100000381469727,21.700000762939453,22.700000762939453,635,685,762,,,,270,285,300,,,,,,,,,,,,,,,,,,,,,,,,,,,,,,,,,,,,,"Fine, smectitic, hyperthermic Typic Paleustalfs",Alfisols,Ustalfs,Paleustalfs,Typic Paleustalfs,fine,not used,not used,not used,hyperthermic,Typic,hyperthermic,eleventh edition,,,,,,,N/A,N/A,,,,,2403280,13765599
0,2,5,Unnamed,,No,,hydric,0.0,0.5,1.0,,30,,Negligible,,,,None - deposition,Grass/herbaceous cover,Other grass/herbaceous cover,Neither wooded nor farmable under natural conditions,Yes,Poorly drained,48.79999923706055,79.30000305175781,237.6999969482422,0,135,360,depressions on coastal plains,,,,21.100000381469727,21.700000762939453,22.700000762939453,635,685,762,,,,270,285,300,5,w,,,,,,10,,,,,,,,,,,,,,,,,,,None,0,0,0,0,0,0,,,,,,,,,,,,,,,,,,,,,,,N/A,N/A,,,,,2403280,13765600
,6,,Tiocano,Series,No,,,0.0,0.0,1.0,,,,,,,,,,,Neither wooded nor farmable under natural conditions,Yes,Somewhat poorly drained,,,,,,,depressions on coastal plains,,0.1599999964237213,,,,,,,,,,,,,,,,,,,,,,,,,,,,,,,,,,,,,,,,,,,,,,,,,,,,,,,,,,,,,,,,,,,,,N/A,N/A,,,,,2403281,13765499
,90,,Realitos,Series,Yes,,,0.0,0.5,1.0,,61,,Negligible,5,86,4,None - deposition,Tree cover,Grassland rangeland,,No,Moderately well drained,76.0,152.0,274.0,85,135,190,depressions on coastal plains,,0.1599999964237213,,21.0,22.0,23.0,533,600,680,,,,250,285,320,4,w,,,,,,,,2200,3300,4400,,,,,,,,,,,,,,,None,0,0,0,,,,D,Moderate,High,"Fine, smectitic, hyperthermic Typic Haplusterts",Vertisols,Usterts,Haplusterts,Typic Haplusterts,fine,not used,not used,not used,hyperthermic,Typic,hyperthermic,tenth edition,,,,,,,N/A,N/A,,,,,2403281,13765500
,4,,Unnamed,,No,,,,,,,,,,,,,,,,,No,,,,,,,,depressions on coastal plains,,,,,,,,,,,,,,,,,,,,,,,,,,,,,,,,,,,,,,,,,,,,,,,,,,,,,,,,,,,,,,,,,,,,,,,N/A,N/A,,,,,2403281,13765501
80,85,95,Weesatche,Series,Yes,,dry,1.0,2.0,3.0,60,91,91,Low,5,86,3,Class 1,Shrub cover,Native shrubs,,No,Well drained,89.9000015258789,149.39999389648438,243.89999389648438,0,135,360,ridges on coastal plains,,0.09000000357627869,,21.100000381469727,22.200000762939453,23.299999237060547,559,610,660,,,,271,281,300,2,e,,2,e,,,3,,2000,3000,4000,,,,,,,,,,,,,,,None,0,0,0,0,0,0,B,Low,Moderate,"Fine-loamy, mixed, superactive, hyperthermic Typic Argiustolls",Mollisols,Ustolls,Argiustolls,Typic Argiustolls,fine-loamy,not used,superactive,not used,hyperthermic,Typic,hyperthermic,eleventh edition,,,,,,,N/A,N/A,,,,,2403282,13765601
0,2,3,Alet,Series,No,,,1.0,2.0,3.0,,,,,,,,,,,,No,Well drained,89.9000015258789,149.39999389648438,243.89999389648438,0,135,360,drainageways on coastal plains,,,,21.100000381469727,22.200000762939453,23.299999237060547,559,610,660,,,,271,281,300,,,,,,,,,,,,,,,,,,,,,,,,,,,,,,,,,,,,,"Fine-loamy, mixed, superactive, hyperthermic Typic Argiustolls",Mollisols,Ustolls,Argiustolls,Typic Argiustolls,fine-loamy,not used,superactive,not used,hyperthermic,Typic,hyperthermic,eleventh edition,,,,,,,N/A,N/A,,,,,2403282,13765602
5,10,12,Pernitas,Series,No,,,1.0,2.0,3.0,,,,,,,,,,,,No,Well drained,89.9000015258789,149.39999389648438,243.89999389648438,0,135,360,ridges on coastal plains,,,,21.100000381469727,22.200000762939453,23.299999237060547,559,610,660,,,,271,281,300,,,,,,,,,,,,,,,,,,,,,,,,,,,,,,,,,,,,,"Fine-loamy, mixed, superactive, hyperthermic Typic Argiustolls",Mollisols,Ustolls,Argiustolls,Typic Argiustolls,fine-loamy,not used,superactive,not used,hyperthermic,Typic,hyperthermic,eleventh edition,,,,,,,N/A,N/A,,,,,2403282,13765603
0,3,5,Sarnosa,Series,No,,,1.0,2.0,3.0,,,,,,,,,,,,No,Well drained,89.9000015258789,149.39999389648438,243.89999389648438,0,135,360,interfluves on coastal plains,,,,21.100000381469727,22.200000762939453,23.299999237060547,559,610,660,,,,271,281,300,,,,,,,,,,,,,,,,,,,,,,,,,,,,,,,,,,,,,"Coarse-loamy, mixed, superactive, hyperthermic Typic Calciustolls",Mollisols,Ustolls,Calciustolls,Typic Calciustolls,coarse-loamy,not used,superactive,not used,hyperthermic,Typic,hyperthermic,eleventh edition,,,,,,,N/A,N/A,,,,,2403282,13765604
80,85,95,Weesatche,Series,Yes,,dry,3.0,4.0,5.0,60,91,91,Low,5,86,3,Class 1,Shrub cover,Native shrubs,,No,Well drained,89.9000015258789,149.39999389648438,243.89999389648438,0,135,360,ridges on coastal plains,,0.09000000357627869,,21.100000381469727,22.200000762939453,23.299999237060547,559,610,660,,,,271,281,300,3,e,,3,e,,,3,,2000,3000,4000,,,,,,,,,,,,,,,None,0,0,0,0,0,0,B,Low,Moderate,"Fine-loamy, mixed, superactive, hyperthermic Typic Argiustolls",Mollisols,Ustolls,Argiustolls,Typic Argiustolls,fine-loamy,not used,superactive,not used,hyperthermic,Typic,hyperthermic,eleventh edition,,,,,,,N/A,N/A,,,,,2403283,13765605
0,2,3,Alet,Series,No,,,3.0,4.0,5.0,,,,,,,,,,,,No,Well drained,89.9000015258789,149.39999389648438,243.89999389648438,0,135,360,drainageways on coastal plains,,,,21.100000381469727,22.200000762939453,23.299999237060547,559,610,660,,,,271,281,300,,,,,,,,,,,,,,,,,,,,,,,,,,,,,,,,,,,,,"Fine-loamy, mixed, superactive, hyperthermic Typic Argiustolls",Mollisols,Ustolls,Argiustolls,Typic Argiustolls,fine-loamy,not used,superactive,not used,hyperthermic,Typic,hyperthermic,eleventh edition,,,,,,,N/A,N/A,,,,,2403283,13765606
5,10,12,Pernitas,Series,No,,,3.0,4.0,5.0,,,,,,,,,,,,No,Well drained,89.9000015258789,149.39999389648438,243.89999389648438,0,135,360,ridges on coastal plains,,,,21.100000381469727,22.200000762939453,23.299999237060547,559,610,660,,,,271,281,300,,,,,,,,,,,,,,,,,,,,,,,,,,,,,,,,,,,,,"Fine-loamy, mixed, superactive, hyperthermic Typic Argiustolls",Mollisols,Ustolls,Argiustolls,Typic Argiustolls,fine-loamy,not used,superactive,not used,hyperthermic,Typic,hyperthermic,eleventh edition,,,,,,,N/A,N/A,,,,,2403283,13765607
0,3,5,Sarnosa,Series,No,,,3.0,4.0,5.0,,,,,,,,,,,,No,Well drained,89.9000015258789,149.39999389648438,243.89999389648438,0,135,360,interfluves on coastal plains,,,,21.100000381469727,22.200000762939453,23.299999237060547,559,610,660,,,,271,281,300,,,,,,,,,,,,,,,,,,,,,,,,,,,,,,,,,,,,,"Coarse-loamy, mixed, superactive, hyperthermic Typic Calciustolls",Mollisols,Ustolls,Calciustolls,Typic Calciustolls,coarse-loamy,not used,superactive,not used,hyperthermic,Typic,hyperthermic,eleventh edition,,,,,,,N/A,N/A,,,,,2403283,13765608
5,15,20,Unnamed,,No,,hydric,0.0,0.0,2.0,,,,Negligible,,,,,,,Wooded under natural conditions,Yes,Somewhat poorly drained,,,,,,,channels on meander belts,,,,,,,,,,,,,,,,,,,,,,,,,,,,,,,,,,,,,,,,,,,,,,,,,,,,,,,,,,,,,,,,,,,,,,,N/A,N/A,,,,,2403284,13765502
80,85,95,Alet,Series,Yes,,,0.0,0.5,1.0,,61,,Negligible,5,56,5,None - deposition,Grass/herbaceous cover,Shrubby rangeland,,No,Well drained,92.0,150.0,214.0,85,135,190,"coastal plains, -- Error in Exists On --",,0.1599999964237213,,21.0,22.0,23.0,560,611,660,,,,270,295,320,2,e,,1,,,,,,2000,3000,4000,,,,,,,,,,,,,,Low,None,0,0,0,,,,B,Moderate,High,"Fine-loamy, mixed, superactive, hyperthermic Typic Argiustolls",Mollisols,Ustolls,Argiustolls,Typic Argiustolls,fine-loamy,not used,superactive,not used,hyperthermic,Typic,hyperthermic,tenth edition,,,,,,,N/A,N/A,,,,,2403284,13765503
80,90,100,Sinton,Series,Yes,,,0.0,1.0,1.0,,61,,Negligible,5,86,4L,None - deposition,Shrub cover,Shrubby rangeland,,No,Well drained,76.0,100.0,152.0,85,135,190,flood plains on river valleys,,0.09000000357627869,,21.0,22.0,23.0,660,680,700,,,,270,283,295,2,w,,,,,,,,4000,6000,7000,,,,,,,,,,,,,,,None,0,0,0,,,,B,Low,Moderate,"Fine-loamy, mixed, superactive, hyperthermic Cumulic Haplustolls",Mollisols,Ustolls,Haplustolls,Cumulic Haplustolls,fine-loamy,not used,superactive,not used,hyperthermic,Ustic,hyperthermic,tenth edition,,,,,,,N/A,N/A,,,,,2403285,13765504
0,8,16,Alet,Series,No,,,0.0,1.0,1.0,,,,,,,,,,,,No,Well drained,,,,,,,drainageways on meander belts,,0.1599999964237213,,,,,,,,,,,,,,,,,,,,,,,,,,,,,,,,,,,,,,,,,,,,,,,,,,,,,,,,,,,,,hyperthermic,tenth edition,,,,,,,N/A,N/A,,,,,2403285,13765505
0,2,4,Unnamed,,No,,hydric,0.0,0.0,1.0,,,,,,,,,,,Wooded under natural conditions,Yes,Somewhat poorly drained,,,,,,,depressions on meander belts,,,,,,,,,,,,,,,,,,,,,,,,,,,,,,,,,,,,,,,,,,,,,,,,,,,,,,,,,,,,,,,,tenth edition,,,,,,,N/A,N/A,,,,,2403285,13765506
80,90,95,Delfina,Series,Yes,,,0.0,1.0,2.0,30,61,91,Low,5,86,3,Class 1,Crop cover,Row crop,,No,Moderately well drained,9.199999809265137,47.29999923706055,228.60000610351562,0,135,360,sand sheets on coastal plains,,0.23000000417232513,,21.700000762939453,22.200000762939453,22.799999237060547,559,660,737,,,,290,295,320,3,e,,3,e,,,5,,1000,3000,3500,,,,,,,,,,,,,,,None,0,0,0,0,0,0,C,Low,Moderate,"Fine-loamy, mixed, superactive, hyperthermic Typic Paleustalfs",Alfisols,Ustalfs,Paleustalfs,Typic Paleustalfs,fine-loamy,not used,superactive,not used,hyperthermic,Typic,hyperthermic,twelfth edition,,,,,,,N/A,N/A,,,,,2403286,13765643
0,3,10,Runge,Series,No,,,0.0,1.0,3.0,30,61,91,,,,,,,,,No,Well drained,9.199999809265137,47.29999923706055,228.60000610351562,0,135,360,low hills on coastal plains,,,,21.700000762939453,22.200000762939453,22.799999237060547,559,660,737,,,,290,295,320,,,,,,,,,,,,,,,,,,,,,,,,,,,,,,,,,,,,,"Fine-loamy, mixed, superactive, hyperthermic Typic Argiustolls",Mollisols,Ustolls,Argiustolls,Typic Argiustolls,fine-loamy,not used,superactive,not used,hyperthermic,Typic,hyperthermic,twelfth edition,,,,,,,N/A,N/A,,,,,2403286,13765644
2,5,15,Nueces,Series,No,,,0.0,1.0,2.0,30,61,91,,,,,,,,,No,Moderately well drained,9.199999809265137,47.29999923706055,228.60000610351562,0,135,360,sand sheets on coastal plains,,,,21.700000762939453,22.200000762939453,22.799999237060547,559,660,737,,,,290,295,320,,,,,,,,,,,,,,,,,,,,,,,,,,,,,,,,,,,,,"Loamy, mixed, active, hyperthermic Arenic Paleustalfs",Alfisols,Ustalfs,Paleustalfs,Arenic Paleustalfs,loamy,not used,active,not used,hyperthermic,Typic,hyperthermic,twelfth edition,,,,,,,N/A,N/A,,,,,2403286,13765645
0,1,5,Papagua,Series,No,,,0.0,0.5,1.0,30,30,61,,,,,,,,,No,Moderately well drained,9.199999809265137,47.29999923706055,228.60000610351562,0,135,360,depressions on sand sheets on coastal plains,,,,21.700000762939453,22.200000762939453,22.799999237060547,559,660,737,,,,290,295,320,,,,,,,,,,,,,,,,,,,,,,,,,,,,,,,,,,,,,"Fine, mixed, active, hyperthermic Typic Albaqualfs",Alfisols,Aqualfs,Albaqualfs,Typic Albaqualfs,fine,not used,active,not used,hyperthermic,Typic,hyperthermic,twelfth edition,,,,,,,N/A,N/A,,,,,2403286,13765646
0,1,2,Unnamed,,No,,hydric,0.0,0.5,1.0,30,30,61,,,,,,Grass/herbaceous cover,Shrubby rangeland,Wooded under natural conditions,Yes,Somewhat poorly drained,9.199999809265137,47.29999923706055,228.60000610351562,0,135,360,depressions on sand sheets on coastal plains,,,,21.700000762939453,22.200000762939453,22.799999237060547,559,660,737,,,,290,295,320,,,,,,,,,,,,,,,,,,,,,,,,,,,,,,,,,,,,,,,,,,,,,,hyperthermic,Typic,hyperthermic,,,,,,,,N/A,N/A,,,,,2403286,13765647
,90,,Gertrudis,Series,Yes,NIRR,,0.0,1.0,3.0,,91,,Low,5,86,3,,,,,No,Well drained,76.0,90.0,155.0,85,135,190,stream terraces on coastal plains,,0.1599999964237213,,21.0,22.0,23.0,610,686,700,,,,290,305,320,2,e,,2,e,,,,,2500,3500,4500,,,,,,,,,,,,,,,None,0,0,0,,,,B,Moderate,Moderate,"Fine-loamy, mixed, active, hyperthermic Typic Calciustolls",Mollisols,Ustolls,Calciustolls,Typic Calciustolls,fine-loamy,not used,active,not used,hyperthermic,,hyperthermic,tenth edition,,,,,,,N/A,N/A,,,,,2403287,13765531
,10,,Unnamed,,No,,,,,,,,,,,,,,,,,No,,,,,,,,stream terraces on coastal plains,,,,,,,,,,,,,,,,,,,,,,,,,,,,,,,,,,,,,,,,,,,,,,,,,,,,,,,,,,,,,,,,tenth edition,,,,,,,N/A,N/A,,,,,2403287,13765532
75,85,95,Delmita,Series,Yes,,,0.0,1.0,3.0,30,61,91,High,2,86,3,Class 1,Grass/herbaceous cover,Shrubby rangeland,,No,Well drained,47.29999923706055,83.80000305175781,266.70001220703125,0,135,360,ridges on coastal plains,,0.23000000417232513,,21.700000762939453,22.200000762939453,23.299999237060547,508,584,635,,,,280,310,340,3,s,,3,s,,,6,,1500,3000,4000,,,,,,,,,,,,,,,None,0,0,0,0,0,0,C,Low,Low,"Fine-loamy, mixed, active, hyperthermic Petrocalcic Paleustalfs",Alfisols,Ustalfs,Paleustalfs,Petrocalcic Paleustalfs,fine-loamy,not used,active,not used,hyperthermic,Aridic (torric),hyperthermic,twelfth edition,,,,,,,N/A,N/A,,,,,2403288,13765579
0,1,2,Ramadero,Series,No,,,0.0,0.5,1.0,30,30,61,,,,,,,,,No,Well drained,47.29999923706055,83.80000305175781,266.70001220703125,0,135,360,drainageways on coastal plains,,,,21.700000762939453,22.200000762939453,23.299999237060547,508,584,635,,,,280,310,340,,,,,,,,,,,,,,,,,,,,,,,,,,,,,,,,,,,,,"Fine-loamy, mixed, active, hyperthermic Cumulic Haplustolls",Mollisols,Ustolls,Haplustolls,Cumulic Haplustolls,fine-loamy,not used,active,not used,hyperthermic,Aridic (torric),hyperthermic,twelfth edition,,,,,,,N/A,N/A,,,,,2403288,13765580
0,8,15,Randado,Series,No,,,0.0,2.0,3.0,30,91,91,,,,,,,,,No,Well drained,47.29999923706055,83.80000305175781,266.70001220703125,0,135,360,ridges on coastal plains,,,,21.700000762939453,22.200000762939453,23.299999237060547,508,584,635,,,,280,310,340,,,,,,,,,,,,,,,,,,,,,,,,,,,,,,,,,,,,,"Loamy, mixed, active, hyperthermic, shallow Petrocalcic Paleustalfs",Alfisols,Ustalfs,Paleustalfs,Petrocalcic Paleustalfs,loamy,not used,active,not used,hyperthermic,Aridic (torric),hyperthermic,twelfth edition,,,,,,,N/A,N/A,,,,,2403288,13765581
0,6,13,Brennan,Series,No,,,0.0,1.0,3.0,30,61,91,,,,,,,,,No,Well drained,47.29999923706055,83.80000305175781,266.70001220703125,0,135,360,sand sheets on coastal plains,,,,21.700000762939453,22.200000762939453,23.299999237060547,508,584,635,,,,280,310,340,,,,,,,,,,,,,,,,,,,,,,,,,,,,,,,,,,,,,"Fine-loamy, mixed, superactive, hyperthermic Aridic Haplustalfs",Alfisols,Ustalfs,Haplustalfs,Aridic Haplustalfs,fine-loamy,not used,superactive,not used,hyperthermic,Aridic (torric),hyperthermic,twelfth edition,,,,,,,N/A,N/A,,,,,2403288,13765582
75,85,90,Brennan,Series,Yes,,,0.0,2.0,3.0,60,91,91,Low,5,86,3,Class 1,Shrub cover,Shrubby rangeland,,No,Well drained,21.299999237060547,147.8000030517578,182.89999389648438,0,180,360,sand sheets on coastal plains,,0.23000000417232513,,22.200000762939453,22.799999237060547,23.299999237060547,432,554,610,,,,295,313,330,3,c,,2,e,,,3,,2200,3600,4400,,,,,,,,,,,,,,,None,0,0,0,0,0,0,B,Moderate,Moderate,"Fine-loamy, mixed, superactive, hyperthermic Aridic Haplustalfs",Alfisols,Ustalfs,Haplustalfs,Aridic Haplustalfs,fine-loamy,not used,superactive,not used,hyperthermic,Aridic (torric),hyperthermic,eleventh edition,,,,,,,N/A,N/A,,,,,2403289,13765593
0,10,15,Copita,Series,No,,,0.0,2.0,3.0,,,,,,,,,,,,No,,21.299999237060547,147.8000030517578,182.89999389648438,,,,,,,,,,,,,,,,,,,,,,,,,,,,,,,,,,,,,,,,,,,,,,,,,,,,,,,,"Fine-loamy, mixed, superactive, hyperthermic Aridic Calciustepts",Inceptisols,Ustepts,Calciustepts,Aridic Calciustepts,fine-loamy,not used,superactive,not used,hyperthermic,Aridic (torric),hyperthermic,eleventh edition,,,,,,,N/A,N/A,,,,,2403289,13765594
0,3,10,Hebbronville,Series,No,,,0.0,2.0,3.0,,,,,,,,,,,,No,,21.299999237060547,147.8000030517578,182.89999389648438,,,,,,,,,,,,,,,,,,,,,,,,,,,,,,,,,,,,,,,,,,,,,,,,,,,,,,,,"Coarse-loamy, mixed, superactive, hyperthermic Aridic Haplustalfs",Alfisols,Ustalfs,Haplustalfs,Aridic Haplustalfs,coarse-loamy,not used,superactive,not used,hyperthermic,Aridic (torric),hyperthermic,eleventh edition,,,,,,,N/A,N/A,,,,,2403289,13765595
0,2,5,Tela,Series,No,,,0.0,2.0,3.0,,,,,,,,,,,,No,,21.299999237060547,147.8000030517578,182.89999389648438,,,,,,,,,,,,,,,,,,,,,,,,,,,,,,,,,,,,,,,,,,,,,,,,,,,,,,,,"Fine-loamy, mixed, superactive, hyperthermic Aridic Argiustolls",Mollisols,Ustolls,Argiustolls,Aridic Argiustolls,fine-loamy,not used,superactive,not used,hyperthermic,Aridic (torric),hyperthermic,eleventh edition,,,,,,,N/A,N/A,,,,,2403289,13765596
,15,,Unnamed,,No,,,,,,,,,,,,,,,,,No,,,,,,,,low hills on coastal plains,,,,,,,,,,,,,,,,,,,,,,,,,,,,,,,,,,,,,,,,,,,,,,,,,,,,,,,,,,,,,,,,tenth edition,,,,,,,N/A,N/A,,,,,2403290,13765507
,85,,Colmena,Series,Yes,,,0.0,2.0,3.0,,91,,Low,5,86,3,Class 1,Grass/herbaceous cover,Shrubby rangeland,,No,Well drained,76.0,126.0,229.0,85,135,190,paleoterraces on coastal plains,,0.23000000417232513,,21.0,22.0,23.0,610,650,680,,,,260,290,320,2,e,,,,,,,,2200,3600,4400,,,,,,,,,,,,,,,None,0,0,0,,,,B,Moderate,Moderate,"Fine-loamy, mixed, superactive, hyperthermic Typic Argiustolls",Mollisols,Ustolls,Argiustolls,Typic Argiustolls,fine-loamy,not used,superactive,not used,hyperthermic,Typic,hyperthermic,tenth edition,,,,,,,N/A,N/A,,,,,2403290,13765508
80,90,100,Delfina,Series,Yes,,,0.0,1.0,2.0,30,61,91,Low,5,134,2,Class 1,Grass/herbaceous cover,Tame pastureland,,No,Moderately well drained,9.199999809265137,234.6999969482422,278.8999938964844,0,135,360,sand sheets on coastal plains,,0.23000000417232513,,21.700000762939453,22.200000762939453,22.799999237060547,559,660,737,,,,290,315,330,3,e,,3,e,,,5,,2000,3800,4500,,,,,,,,,,,,,,,None,0,0,0,0,0,0,C,Low,Moderate,"Fine-loamy, mixed, superactive, hyperthermic Typic Paleustalfs",Alfisols,Ustalfs,Paleustalfs,Typic Paleustalfs,fine-loamy,not used,superactive,not used,hyperthermic,Typic,hyperthermic,twelfth edition,,,,,,,N/A,N/A,,,,,2403291,13765648
2,3,15,Nueces,Series,No,,,0.0,1.0,2.0,30,61,91,,,,,,,,,No,Moderately well drained,9.199999809265137,47.29999923706055,278.8999938964844,0,135,360,sand sheets on coastal plains,,,,21.700000762939453,22.200000762939453,22.799999237060547,559,660,737,,,,290,315,330,,,,,,,,,,,,,,,,,,,,,,,,,,,,,,,,,,,,,"Loamy, mixed, active, hyperthermic Arenic Paleustalfs",Alfisols,Ustalfs,Paleustalfs,Arenic Paleustalfs,loamy,not used,active,not used,hyperthermic,Typic,hyperthermic,twelfth edition,,,,,,,N/A,N/A,,,,,2403291,13765649
0,3,15,Palobia,Series,No,,,0.0,1.0,2.0,30,61,91,,,,,,,,,No,Moderately well drained,9.199999809265137,47.29999923706055,278.8999938964844,0,135,360,sand sheets on coastal plains,,,,21.700000762939453,22.200000762939453,22.799999237060547,559,660,737,,,,290,315,330,,,,,,,,,,,,,,,,,,,,,,,,,,,,,,,,,,,,,"Fine-loamy, mixed, active, hyperthermic Typic Natrustalfs",Alfisols,Ustalfs,Natrustalfs,Typic Natrustalfs,fine-loamy,not used,active,not used,hyperthermic,Typic,hyperthermic,twelfth edition,,,,,,,N/A,N/A,,,,,2403291,13765650
0,1,5,Unnamed,,No,,hydric,0.0,0.5,1.0,30,30,61,,,,,,Grass/herbaceous cover,Shrubby rangeland,Wooded under natural conditions,Yes,Somewhat poorly drained,9.199999809265137,47.29999923706055,278.8999938964844,0,135,360,depressions on sand sheets on coastal plains,,,,21.700000762939453,22.200000762939453,22.799999237060547,559,660,737,,,,290,315,330,,,,,,,,,,,,,,,,,,,,,,,,,,,,,,,,,,,,,,,,,,,,,,hyperthermic,Typic,hyperthermic,,,,,,,,N/A,N/A,,,,,2403291,13765651
0,3,10,Sarita,Series,No,,,0.0,2.0,3.0,30,91,91,,,,,,,,,No,Well drained,9.199999809265137,47.29999923706055,278.8999938964844,0,135,360,dunes on sand sheets on coastal plains,,,,21.700000762939453,22.200000762939453,22.799999237060547,559,660,737,,,,290,315,330,,,,,,,,,,,,,,,,,,,,,,,,,,,,,,,,,,,,,"Loamy, mixed, active, hyperthermic Grossarenic Paleustalfs",Alfisols,Ustalfs,Paleustalfs,Grossarenic Paleustalfs,loamy,not used,active,not used,hyperthermic,Aridic (torric),hyperthermic,twelfth edition,,,,,,,N/A,N/A,,,,,2403291,13765652
75,85,95,Delmita,Series,Yes,,,0.0,1.0,3.0,30,61,91,High,2,134,2,Class 1,Grass/herbaceous cover,Shrubby rangeland,,No,Well drained,47.29999923706055,237.8000030517578,266.70001220703125,0,135,360,ridges on coastal plains,,0.23000000417232513,,21.700000762939453,22.200000762939453,23.299999237060547,508,584,635,,,,280,310,340,3,s,,3,s,,,6,,1200,2700,3500,,,,,,,,,,,,,,,None,0,0,0,0,0,0,C,Low,Low,"Fine-loamy, mixed, active, hyperthermic Petrocalcic Paleustalfs",Alfisols,Ustalfs,Paleustalfs,Petrocalcic Paleustalfs,fine-loamy,not used,active,not used,hyperthermic,Aridic (torric),hyperthermic,twelfth edition,,,,,,,N/A,N/A,,,,,2403292,13765588
1,4,10,Randado,Series,No,,,0.0,2.0,3.0,30,91,91,,,,,,,,,No,Well drained,47.29999923706055,237.8000030517578,266.70001220703125,0,135,360,ridges on coastal plains,,,,21.700000762939453,22.200000762939453,23.299999237060547,508,584,635,,,,280,310,340,,,,,,,,,,,,,,,,,,,,,,,,,,,,,,,,,,,,,"Loamy, mixed, active, hyperthermic, shallow Petrocalcic Paleustalfs",Alfisols,Ustalfs,Paleustalfs,Petrocalcic Paleustalfs,loamy,not used,active,not used,hyperthermic,Aridic (torric),hyperthermic,twelfth edition,,,,,,,N/A,N/A,,,,,2403292,13765589
0,3,5,Hebbronville,Series,No,,,0.0,2.0,3.0,30,91,91,,,,,,,,,No,Well drained,47.29999923706055,237.8000030517578,266.70001220703125,0,135,360,ridges on coastal plains,,,,21.700000762939453,22.200000762939453,23.299999237060547,508,584,635,,,,280,310,340,,,,,,,,,,,,,,,,,,,,,,,,,,,,,,,,,,,,,"Coarse-loamy, mixed, superactive, hyperthermic Aridic Haplustalfs",Alfisols,Ustalfs,Haplustalfs,Aridic Haplustalfs,coarse-loamy,not used,superactive,not used,hyperthermic,Aridic (torric),hyperthermic,twelfth edition,,,,,,,N/A,N/A,,,,,2403292,13765590
0,2,5,Sarita,Series,No,,,0.0,2.0,5.0,30,91,91,,,,,,,,,No,Well drained,47.29999923706055,237.8000030517578,266.70001220703125,0,135,360,dunes on sand sheets on coastal plains,,,,21.100000381469727,22.200000762939453,23.299999237060547,508,584,635,,,,280,310,340,,,,,,,,,,,,,,,,,,,,,,,,,,,,,,,,,,,,,"Loamy, mixed, active, hyperthermic Grossarenic Paleustalfs",Alfisols,Ustalfs,Paleustalfs,Grossarenic Paleustalfs,loamy,not used,active,not used,hyperthermic,Typic,hyperthermic,twelfth edition,,,,,,,N/A,N/A,,,,,2403292,13765591
1,6,10,Comitas,Series,No,,,0.0,2.0,5.0,30,91,91,,,,,,,,,No,Well drained,47.29999923706055,237.8000030517578,266.70001220703125,0,135,360,sand sheets on coastal plains,,,,21.100000381469727,22.200000762939453,23.299999237060547,508,584,635,,,,280,310,340,,,,,,,,,,,,,,,,,,,,,,,,,,,,,,,,,,,,,"Loamy, mixed, active, hyperthermic Arenic Aridic Paleustalfs",Alfisols,Ustalfs,Paleustalfs,Arenic Aridic Paleustalfs,loamy,not used,active,not used,hyperthermic,Aridic (torric),hyperthermic,twelfth edition,,,,,,,N/A,N/A,,,,,2403292,13765592
75,85,95,Nueces,Series,Yes,,,0.0,2.0,3.0,30,91,91,Very low,5,250,1,Class 1,Grass/herbaceous cover,Shrubby rangeland,,No,Moderately well drained,6.099999904632568,91.5,152.39999389648438,0,135,360,sand sheets on coastal plains,,0.30000001192092896,,21.700000762939453,22.799999237060547,23.299999237060547,533,635,686,,,,300,330,365,3,e,,3,e,,,5,,3200,5000,6000,,,,,,,,,,,,,,,None,0,0,0,0,0,0,B,Low,Moderate,"Loamy, mixed, active, hyperthermic Arenic Paleustalfs",Alfisols,Ustalfs,Paleustalfs,Arenic Paleustalfs,loamy,not used,active,not used,hyperthermic,Aridic (torric),hyperthermic,eleventh edition,,,,,,,N/A,N/A,,,,,2403293,13765568
0,1,5,Sauz,Series,No,,,0.0,0.5,1.0,30,30,61,,,,,,,,Wooded under natural conditions,Yes,Somewhat poorly drained,6.099999904632568,91.5,152.39999389648438,0,135,360,sand sheets on coastal plains,,,,21.700000762939453,22.799999237060547,23.299999237060547,533,635,686,,,,300,330,365,,,,,,,,,,,,,,,,,,,,,,,,,,,,,,,,,,,,,"Coarse-loamy, mixed, active, hyperthermic Typic Natraqualfs",Alfisols,Aqualfs,Natraqualfs,Typic Natraqualfs,coarse-loamy,not used,active,not used,hyperthermic,Typic,hyperthermic,eleventh edition,,,,,,,N/A,N/A,,,,,2403293,13765569
0,3,10,Delfina,Series,No,,,0.0,2.0,3.0,30,91,91,,,,,,,,,No,Moderately well drained,6.099999904632568,91.5,152.39999389648438,0,135,360,sand sheets on coastal plains,,,,21.700000762939453,22.799999237060547,23.299999237060547,533,635,686,,,,300,330,365,,,,,,,,,,,,,,,,,,,,,,,,,,,,,,,,,,,,,"Fine-loamy, mixed, superactive, hyperthermic Typic Paleustalfs",Alfisols,Ustalfs,Paleustalfs,Typic Paleustalfs,fine-loamy,not used,superactive,not used,hyperthermic,Typic,hyperthermic,eleventh edition,,,,,,,N/A,N/A,,,,,2403293,13765570
0,8,10,Sarita,Series,No,,,0.0,2.0,3.0,30,91,91,,,,,,,,,No,Well drained,6.099999904632568,91.5,152.39999389648438,0,135,360,dunes on sand sheets on coastal plains,,,,21.700000762939453,22.799999237060547,23.299999237060547,533,635,686,,,,300,330,365,,,,,,,,,,,,,,,,,,,,,,,,,,,,,,,,,,,,,"Loamy, mixed, active, hyperthermic Grossarenic Paleustalfs",Alfisols,Ustalfs,Paleustalfs,Grossarenic Paleustalfs,loamy,not used,active,not used,hyperthermic,Aridic (torric),hyperthermic,eleventh edition,,,,,,,N/A,N/A,,,,,2403293,13765571
0,3,10,Comitas,Series,No,,,0.0,2.0,3.0,30,91,91,,,,,,,,,No,Well drained,6.099999904632568,91.5,152.39999389648438,0,135,360,sand sheets on coastal plains,,,,21.700000762939453,22.799999237060547,23.299999237060547,533,635,686,,,,300,330,365,,,,,,,,,,,,,,,,,,,,,,,,,,,,,,,,,,,,,"Loamy, mixed, active, hyperthermic Arenic Aridic Paleustalfs",Alfisols,Ustalfs,Paleustalfs,Arenic Aridic Paleustalfs,loamy,not used,active,not used,hyperthermic,Aridic (torric),hyperthermic,eleventh edition,,,,,,,N/A,N/A,,,,,2403293,13765572
75,90,95,Sarita,Series,Yes,,,0.0,2.0,5.0,30,91,91,Negligible,5,250,1,Class 1,Grass/herbaceous cover,Grassland rangeland,,No,Well drained,9.100000381469727,91.5,144.8000030517578,0,135,360,dunes on sand sheets on coastal plains,,0.30000001192092896,,21.100000381469727,22.200000762939453,23.299999237060547,559,635,737,,,,270,285,350,4,e,,4,e,,,7,,2000,4000,5000,,,,,,,,,,,,,,,None,0,0,0,0,0,0,A,Moderate,Moderate,"Loamy, mixed, active, hyperthermic Grossarenic Paleustalfs",Alfisols,Ustalfs,Paleustalfs,Grossarenic Paleustalfs,loamy,not used,active,not used,hyperthermic,Typic,hyperthermic,eleventh edition,,,,,,,N/A,N/A,,,,,2403294,13765614
0,4,10,Falfurrias,Series,No,,,0.0,2.0,5.0,30,60,91,,,,,,,,,No,Well drained,9.100000381469727,91.5,144.8000030517578,0,135,360,dunes on sand sheets on coastal plains,,,,21.100000381469727,22.200000762939453,23.299999237060547,559,635,737,,,,270,285,350,,,,,,,,,,,,,,,,,,,,,,,,,,,,,,,,,,,,,"Mixed, hyperthermic Typic Ustipsamments",Entisols,Psamments,Ustipsamments,Typic Ustipsamments,not used,not used,not used,not used,hyperthermic,Typic,hyperthermic,eleventh edition,,,,,,,N/A,N/A,,,,,2403294,13765615
0,4,10,Comitas,Series,No,,,0.0,2.0,5.0,30,60,91,,,,,,,,,No,Well drained,9.100000381469727,91.5,144.8000030517578,0,135,360,sand sheets on coastal plains,,,,21.100000381469727,22.200000762939453,23.299999237060547,559,635,737,,,,270,285,350,,,,,,,,,,,,,,,,,,,,,,,,,,,,,,,,,,,,,"Loamy, mixed, active, hyperthermic Arenic Aridic Paleustalfs",Alfisols,Ustalfs,Paleustalfs,Arenic Aridic Paleustalfs,loamy,not used,active,not used,hyperthermic,Aridic (torric),hyperthermic,eleventh edition,,,,,,,N/A,N/A,,,,,2403294,13765616
0,1,5,Turcotte,Series,No,,,0.0,2.0,5.0,30,60,91,,,,,,,,,No,Well drained,9.100000381469727,91.5,144.8000030517578,0,135,360,dunes on coastal plains,,,,21.100000381469727,22.200000762939453,23.299999237060547,559,635,737,,,,270,285,350,,,,,,,,,,,,,,,,,,,,,,,,,,,,,,,,,,,,,"Fine-loamy, mixed, active, hyperthermic Typic Haplustolls",Mollisols,Ustolls,Haplustolls,Typic Haplustolls,fine-loamy,not used,active,not used,hyperthermic,Typic,hyperthermic,eleventh edition,,,,,,,N/A,N/A,,,,,2403294,13765617
0,1,5,Unnamed,,No,,hydric,0.0,1.0,3.0,30,60,91,Negligible,,,,None - deposition,Grass/herbaceous cover,Shrubby rangeland,Wooded under natural conditions,Yes,Somewhat poorly drained,9.100000381469727,91.5,144.8000030517578,0,135,360,depressions on sand sheets on coastal plains,,,,21.100000381469727,22.200000762939453,23.299999237060547,559,635,737,,,,270,285,350,,,,,,,,,,,,,,,,,,,,,,,,,,,None,0,0,0,0,0,0,,,,,,,,,,,,,hyperthermic,,hyperthermic,,,,,,,,N/A,N/A,,,,,2403294,13765618
20,35,45,Clareville,Series,Yes,,,0.0,1.0,1.0,,61,,Negligible,5,48,6,None - deposition,Shrub cover,Shrubby rangeland,,No,Well drained,90.0,120.0,213.0,85,135,190,drainageways on coastal plains,,0.09000000357627869,,21.0,22.0,23.0,560,611,734,,,,250,270,300,2,c,,,,,,,,3000,5000,5800,,,,,,,,,,,,,,,None,0,0,0,,,,B,Moderate,Moderate,"Fine, smectitic, hyperthermic Pachic Argiustolls",Mollisols,Ustolls,Argiustolls,Pachic Argiustolls,fine,not used,not used,not used,hyperthermic,Ustic,hyperthermic,tenth edition,,,,,,,N/A,N/A,,,,,2403295,13765538
0,5,15,Unnamed,,No,,hydric,0.0,0.0,1.0,,,,,,,,,,,Neither wooded nor farmable under natural conditions,Yes,Somewhat poorly drained,,,,,,,depressions on meander belts,,,,,,,,,,,,,,,,,,,,,,,,,,,,,,,,,,,,,,,,,,,,,,,,,,,,,,,,,,,,,,,,tenth edition,,,,,,,N/A,N/A,,,,,2403295,13765539
55,60,80,Czar,Series,Yes,,,0.0,0.5,1.0,,30,,Negligible,5,56,5,None - deposition,Shrub cover,Shrubby rangeland,,No,Well drained,90.0,120.0,213.0,85,135,190,drainageways on coastal plains,,,,21.0,22.0,23.0,560,611,734,,,,250,270,300,2,c,,,,,,,,3000,5000,5800,,,,,,,,,,,,,,,None,0,0,0,,,,B,Low,Moderate,"Fine-loamy, mixed, superactive, hyperthermic Pachic Argiustolls",Mollisols,Ustolls,Argiustolls,Pachic Argiustolls,fine-loamy,not used,superactive,not used,hyperthermic,Ustic,hyperthermic,tenth edition,,,,,,,N/A,N/A,,,,,2403295,13765540
80,90,95,Benavides,Series,Yes,,,2.0,3.0,5.0,,55,,Low,5,86,3,Class 1,Shrub cover,Shrubby rangeland,,No,Well drained,36.0,51.0,244.0,0,135,360,interfluves on coastal plains,,0.1599999964237213,,21.0,22.0,23.0,559,610,660,,,,270,300,360,3,e,,,,,,,,2000,3000,4000,,,,,,,,,,,,,,Low,None,0,0,0,0,0,0,B,Low,Moderate,"Fine-loamy, mixed, superactive, hyperthermic Aridic Calciustolls",Mollisols,Ustolls,Calciustolls,Aridic Calciustolls,fine-loamy,not used,superactive,not used,hyperthermic,Aridic (torric),hyperthermic,eleventh edition,,,,,,,N/A,N/A,,,,,2403296,13765559
2,4,7,Pernitas,Series,No,,,2.0,3.0,5.0,48,91,91,Low,5,86,3,Class 1,Shrub cover,Shrubby rangeland,,No,Well drained,36.0,51.0,244.0,0,135,360,ridges on coastal plains,,0.1599999964237213,,21.0,23.0,23.0,559,610,660,,,,270,300,360,3,c,,,,,,,,2000,3000,4000,,,,,,,,,,,,,,Low,None,0,0,0,0,0,0,B,Low,Moderate,"Fine-loamy, mixed, superactive, hyperthermic Typic Argiustolls",Mollisols,Ustolls,Argiustolls,Typic Argiustolls,fine-loamy,not used,superactive,not used,hyperthermic,Typic,hyperthermic,eleventh edition,,,,,,,N/A,N/A,,,,,2403296,13765560
3,3,9,Delmita,Series,No,,,2.0,3.0,5.0,48,91,91,Medium,3,86,3,Class 1,Shrub cover,Shrubby rangeland,,No,Well drained,36.0,51.0,244.0,0,135,360,ridges on interfluves on coastal plains,,0.23000000417232513,,21.0,22.0,23.0,559,610,660,,,,270,300,360,3,e,,,,,,,,1500,3000,4000,,,,,,,,,,,,,,Low,None,0,0,0,0,0,0,C,Low,Low,"Fine-loamy, mixed, active, hyperthermic Petrocalcic Paleustalfs",Alfisols,Ustalfs,Paleustalfs,Petrocalcic Paleustalfs,fine-loamy,not used,active,not used,hyperthermic,Ustic,hyperthermic,eleventh edition,,,,,,,N/A,N/A,,,,,2403296,13765561
0,3,5,Olmedo,Series,No,,,2.0,3.0,5.0,,49,,High,1,48,6,Class 1,Shrub cover,Shrubby rangeland,,No,Well drained,36.0,51.0,244.0,0,135,360,"interfluves on coastal plains, ridges on coastal plains",,0.1599999964237213,,21.0,22.0,23.0,559,610,660,,,,270,300,360,7,s,,,,,,,,1000,1800,2700,,,,,,,,,,,,,,Low,None,0,0,0,0,0,0,D,Low,Low,"Loamy-skeletal, carbonatic, hyperthermic, shallow Petrocalcic Calciustolls",Mollisols,Ustolls,Calciustolls,Petrocalcic Calciustolls,loamy-skeletal,not used,not used,not used,hyperthermic,Ustic,hyperthermic,eleventh edition,,,,,,,N/A,N/A,,,,,2403296,13765562
70,75,92,Annarose,Series,Yes,,,1.0,4.0,5.0,48,55,91,Low,4,86,3,Class 1,Shrub cover,Shrubby rangeland,,No,Well drained,75.0,137.0,200.0,0,135,360,ridges on coastal plains,,0.30000001192092896,,21.0,22.0,23.0,560,610,710,,,,275,290,320,3,c,,,,,,10,,2000,3000,4000,,,,,,,,,,,,,,,None,0,0,0,0,0,0,B,Low,Low,"Coarse-loamy, mixed, superactive, hyperthermic Aridic Calciustepts",Inceptisols,Ustepts,Calciustepts,Aridic Calciustepts,coarse-loamy,not used,superactive,not used,hyperthermic,Aridic (torric),hyperthermic,eleventh edition,,,,,,,N/A,N/A,,,,,2403297,13765555
3,12,15,Pernitas,Series,No,,,1.0,4.0,5.0,48,55,91,Low,5,56,5,Class 1,Shrub cover,Shrubby rangeland,,No,Well drained,75.0,137.0,200.0,0,135,360,interfluves on coastal plains,,0.1599999964237213,,21.0,22.0,23.0,560,610,710,,,,275,290,320,3,c,,,,,,8,,2000,3000,4000,,,,,,,,,,,,,,,None,0,0,0,0,0,0,B,Low,Moderate,"Fine-loamy, mixed, superactive, hyperthermic Typic Argiustolls",Mollisols,Ustolls,Argiustolls,Typic Argiustolls,fine-loamy,not used,superactive,not used,hyperthermic,Typic,hyperthermic,eleventh edition,,,,,,,N/A,N/A,,,,,2403297,13765556
3,8,12,Benavides,Series,No,,,1.0,4.0,5.0,48,55,91,Low,5,86,3,Class 1,Shrub cover,Shrubby rangeland,,No,Well drained,75.0,137.0,200.0,0,135,360,interfluves on coastal plains,,0.1599999964237213,,21.0,22.0,23.0,560,610,710,,,,275,290,320,3,c,,,,,,8,,2000,3000,4000,,,,,,,,,,,,,,,None,0,0,0,0,0,0,C,Low,Moderate,"Fine-loamy, mixed, superactive, hyperthermic Aridic Calciustolls",Mollisols,Ustolls,Calciustolls,Aridic Calciustolls,fine-loamy,not used,superactive,not used,hyperthermic,Aridic (torric),hyperthermic,eleventh edition,,,,,,,N/A,N/A,,,,,2403297,13765557
2,5,8,Pettus,Series,No,,,1.0,4.0,5.0,48,55,91,Low,3,86,4L,Class 1,Shrub cover,Shrubby rangeland,,No,Well drained,75.0,137.0,200.0,0,135,360,hills on coastal plains,,0.23000000417232513,,21.0,22.0,23.0,560,610,710,,,,275,290,320,3,c,,,,,,10,,2000,3000,4000,,,,,,,,,,,,,,,None,0,0,0,0,0,0,B,Low,Moderate,"Loamy-skeletal, carbonatic, hyperthermic Typic Calciustolls",Mollisols,Ustolls,Calciustolls,Typic Calciustolls,loamy-skeletal,not used,not used,not used,hyperthermic,Typic,hyperthermic,eleventh edition,,,,,,,N/A,N/A,,,,,2403297,13765558
75,80,90,Tela,Series,Yes,,,0.0,0.5,1.0,30,30,61,Negligible,5,56,5,Class 1,Grass/herbaceous cover,Shrubby rangeland,,No,Well drained,54.900001525878906,152.39999389648438,253.0,0,135,360,drainageways on coastal plains,,0.23000000417232513,,21.100000381469727,22.200000762939453,22.799999237060547,457,559,635,,,,270,300,340,2,w,,2,w,,,3,,2500,4500,6000,,,,,,,,,,,,,,,None,0,0,0,0,0,0,B,Low,Moderate,"Fine-loamy, mixed, superactive, hyperthermic Aridic Argiustolls",Mollisols,Ustolls,Argiustolls,Aridic Argiustolls,fine-loamy,not used,superactive,not used,hyperthermic,Aridic (torric),hyperthermic,twelfth edition,,,,,,,N/A,N/A,,,,,2403298,13765653
0,1,4,Unnamed,,No,,hydric,0.0,0.5,1.0,30,30,61,,,,,None - deposition,Grass/herbaceous cover,Other grass/herbaceous cover,Wooded under natural conditions,Yes,Somewhat poorly drained,54.900001525878906,152.39999389648438,253.0,0,135,360,depressions on drainageways on coastal plains,,,,21.100000381469727,22.200000762939453,22.799999237060547,457,559,635,,,,270,300,340,,,,,,,,,,,,,,,,,,,,,,,,,,,,,,,,,,,,,,,,,,,,,,hyperthermic,,hyperthermic,,,,,,,,N/A,N/A,,,,,2403298,13765654
0,6,10,Brennan,Series,No,,,0.0,0.5,1.0,30,30,61,,,,,,,,,No,Well drained,54.900001525878906,152.39999389648438,253.0,0,135,360,terraces on coastal plains,,,,21.100000381469727,22.200000762939453,22.799999237060547,457,559,635,,,,270,300,340,,,,,,,,,,,,,,,,,,,,,,,,,,,,,,,,,,,,,"Fine-loamy, mixed, superactive, hyperthermic Aridic Haplustalfs",Alfisols,Ustalfs,Haplustalfs,Aridic Haplustalfs,fine-loamy,not used,superactive,not used,hyperthermic,Aridic (torric),hyperthermic,twelfth edition,,,,,,,N/A,N/A,,,,,2403298,13765655
0,1,8,Moglia,Series,No,,,0.0,1.0,2.0,30,61,91,,,,,,,,,No,Well drained,54.900001525878906,152.39999389648438,253.0,0,135,360,low hills on coastal plains,,,,21.100000381469727,22.200000762939453,22.799999237060547,457,559,635,,,,270,300,340,,,,,,,,,,,,,,,,,,,,,,,,,,,,,,,,,,,,,"Fine-loamy, mixed, superactive, hyperthermic Aridic Calciustepts",Inceptisols,Ustepts,Calciustepts,Aridic Calciustepts,fine-loamy,not used,superactive,not used,hyperthermic,Aridic (torric),hyperthermic,twelfth edition,,,,,,,N/A,N/A,,,,,2403298,13765656
0,2,8,Catarina,Series,No,,,0.0,1.0,2.0,30,61,91,,,,,,,,,No,Moderately well drained,54.900001525878906,152.39999389648438,253.0,0,135,360,ridges on coastal plains,,,,21.100000381469727,22.200000762939453,22.799999237060547,457,559,635,,,,270,300,340,,,,,,,,,,,,,,,,,,,,,,,,,,,,,,,,,,,,,"Fine, smectitic, hyperthermic Sodic Haplusterts",Vertisols,Usterts,Haplusterts,Sodic Haplusterts,fine,not used,not used,not used,hyperthermic,Aridic (torric),hyperthermic,twelfth edition,,,,,,,N/A,N/A,,,,,2403298,13765657
0,10,15,Tela,Series,No,,frequently flooded,0.0,0.5,1.0,30,30,61,,,,,,,,,No,Well drained,54.900001525878906,152.39999389648438,253.0,0,135,360,drainageways on coastal plains,,,,21.100000381469727,22.200000762939453,22.799999237060547,457,559,635,,,,270,300,340,,,,,,,,,,,,,,,,,,,,,,,,,,,,,,,,,,,,,"Fine-loamy, mixed, superactive, hyperthermic Aridic Argiustolls",Mollisols,Ustolls,Argiustolls,Aridic Argiustolls,fine-loamy,not used,superactive,not used,hyperthermic,Aridic (torric),hyperthermic,twelfth edition,,,,,,,N/A,N/A,,,,,2403298,13765658
0,4,13,Hebbronville,Series,No,,,0.0,1.0,3.0,30,61,91,,,,,,,,,No,Well drained,30.5,150.8000030517578,286.5,0,135,360,ridges on coastal plains,,,,21.700000762939453,22.200000762939453,23.299999237060547,508,584,635,,,,280,310,340,,,,,,,,,,,,,,,,,,,,,,,,,,,,,,,,,,,,,"Coarse-loamy, mixed, superactive, hyperthermic Aridic Haplustalfs",Alfisols,Ustalfs,Haplustalfs,Aridic Haplustalfs,coarse-loamy,not used,superactive,not used,hyperthermic,Aridic (torric),hyperthermic,twelfth edition,,,,,,,N/A,N/A,,,,,2403299,13765583
0,4,12,Cuevitas,Series,No,,,0.0,2.0,3.0,30,91,91,,,,,,,,,No,Well drained,30.5,150.8000030517578,286.5,0,135,360,ridges on coastal plains,,,,21.700000762939453,22.200000762939453,23.299999237060547,508,584,635,,,,280,310,340,,,,,,,,,,,,,,,,,,,,,,,,,,,,,,,,,,,,,"Loamy, mixed, active, hyperthermic, shallow Aridic Haplustepts",Inceptisols,Ustepts,Haplustepts,Aridic Haplustepts,loamy,not used,active,not used,hyperthermic,Aridic (torric),hyperthermic,twelfth edition,,,,,,,N/A,N/A,,,,,2403299,13765584
0,2,5,Tela,Series,No,,,0.0,0.5,1.0,30,30,61,,,,,,,,,No,Well drained,30.5,150.8000030517578,286.5,0,135,360,drainageways on coastal plains,,,,21.700000762939453,22.200000762939453,23.299999237060547,508,584,635,,,,280,310,340,,,,,,,,,,,,,,,,,,,,,,,,,,,,,,,,,,,,,"Fine-loamy, mixed, superactive, hyperthermic Aridic Argiustolls",Mollisols,Ustolls,Argiustolls,Aridic Argiustolls,fine-loamy,not used,superactive,not used,hyperthermic,Aridic (torric),hyperthermic,twelfth edition,,,,,,,N/A,N/A,,,,,2403299,13765585
50,60,70,Delmita,Series,Yes,,,0.0,1.0,3.0,30,61,91,High,2,86,3,Class 1,Grass/herbaceous cover,Shrubby rangeland,,No,Well drained,30.5,150.8000030517578,286.5,0,135,360,ridges on coastal plains,,0.23000000417232513,,21.700000762939453,22.200000762939453,23.299999237060547,508,584,635,,,,280,310,340,3,s,,3,s,,,6,,1500,3000,4000,,,,,,,,,,,,,,,None,0,0,0,0,0,0,C,Low,Low,"Fine-loamy, mixed, active, hyperthermic Petrocalcic Paleustalfs",Alfisols,Ustalfs,Paleustalfs,Petrocalcic Paleustalfs,fine-loamy,not used,active,not used,hyperthermic,Aridic (torric),hyperthermic,twelfth edition,,,,,,,N/A,N/A,,,,,2403299,13765586
20,30,45,Randado,Series,Yes,,,0.0,2.0,3.0,30,91,91,Very high,1,86,3,Class 1,Grass/herbaceous cover,Shrubby rangeland,,No,Well drained,30.5,150.8000030517578,286.5,0,135,360,ridges on coastal plains,,0.23000000417232513,,21.700000762939453,22.200000762939453,23.299999237060547,508,584,635,,,,280,310,340,4,s,,4,s,,,10,,1200,2500,3500,,,,,,,,,,,,,,,None,0,0,0,0,0,0,D,Low,Low,"Loamy, mixed, active, hyperthermic, shallow Petrocalcic Paleustalfs",Alfisols,Ustalfs,Paleustalfs,Petrocalcic Paleustalfs,loamy,not used,active,not used,hyperthermic,Aridic (torric),hyperthermic,twelfth edition,,,,,,,N/A,N/A,,,,,2403299,13765587
80,90,100,Brennan,Series,Yes,,,1.0,3.0,5.0,,61,,Very low,5,134,2,Class 1,,,,No,Well drained,76.0,95.0,122.0,85,135,190,sand sheets on coastal plains,,0.23000000417232513,,22.0,23.0,24.0,560,636,680,,,,340,350,360,3,e,,,,,,,,2000,3500,4200,,,,,,,,,,,,,,,None,0,0,0,,,,B,Moderate,Moderate,"Fine-loamy, mixed, superactive, hyperthermic Aridic Haplustalfs",Alfisols,Ustalfs,Haplustalfs,Aridic Haplustalfs,fine-loamy,not used,superactive,not used,hyperthermic,Ustic,hyperthermic,tenth edition,,,,,,,N/A,N/A,,,,,2403300,13765509
0,10,20,Unnamed,,No,,,,,,,,,,,,,,,,,No,,76.0,95.0,122.0,85,135,190,low hills on plains,,,,22.0,23.0,24.0,560,636,711,,,,340,350,360,,,,,,,,,,,,,,,,,,,,,,,,,,,,,,,,,,,,,,,,,,,,,,,,,tenth edition,,,,,,,N/A,N/A,,,,,2403300,13765510
70,83,95,Comitas,Series,Yes,,,0.0,2.0,3.0,30,91,91,Very low,5,134,2,Class 1,Grass/herbaceous cover,Grassland rangeland,,No,Well drained,9.100000381469727,122.0,228.60000610351562,0,135,360,sand sheets on coastal plains,,0.23000000417232513,,21.100000381469727,22.799999237060547,23.299999237060547,483,584,635,,,,270,330,365,3,e,,3,e,,,5,,2000,3500,4500,,,,,,,,,,,,,,,None,0,0,0,0,0,0,A,Low,Moderate,"Loamy, mixed, active, hyperthermic Arenic Aridic Paleustalfs",Alfisols,Ustalfs,Paleustalfs,Arenic Aridic Paleustalfs,loamy,not used,active,not used,hyperthermic,Aridic (torric),hyperthermic,eleventh edition,,,,,,,N/A,N/A,,,,,2403301,13765573
1,4,10,Nueces,Series,No,,,0.0,1.0,2.0,30,61,91,,,,,,,,,No,Moderately well drained,9.100000381469727,122.0,228.60000610351562,0,135,360,sand sheets on coastal plains,,,,21.100000381469727,22.799999237060547,23.299999237060547,483,584,635,,,,270,330,365,,,,,,,,,,,,,,,,,,,,,,,,,,,,,,,,,,,,,"Loamy, mixed, active, hyperthermic Arenic Paleustalfs",Alfisols,Ustalfs,Paleustalfs,Arenic Paleustalfs,loamy,not used,active,not used,hyperthermic,Aridic (torric),hyperthermic,eleventh edition,,,,,,,N/A,N/A,,,,,2403301,13765574
1,3,5,Brennan,Series,No,,,0.0,2.0,3.0,30,91,91,,,,,,,,,No,Well drained,9.100000381469727,122.0,228.60000610351562,0,135,360,sand sheets on coastal plains,,,,21.100000381469727,22.799999237060547,23.299999237060547,483,584,635,,,,270,330,365,,,,,,,,,,,,,,,,,,,,,,,,,,,,,,,,,,,,,"Fine-loamy, mixed, superactive, hyperthermic Aridic Haplustalfs",Alfisols,Ustalfs,Haplustalfs,Aridic Haplustalfs,fine-loamy,not used,superactive,not used,hyperthermic,Aridic (torric),hyperthermic,eleventh edition,,,,,,,N/A,N/A,,,,,2403301,13765575
1,3,5,Delmita,Series,No,,,0.0,2.0,3.0,30,91,91,,,,,,,,,No,Well drained,9.100000381469727,122.0,228.60000610351562,0,135,360,sand sheets on coastal plains,,,,21.100000381469727,22.799999237060547,23.299999237060547,483,584,635,,,,270,330,365,,,,,,,,,,,,,,,,,,,,,,,,,,,,,,,,,,,,,"Fine-loamy, mixed, active, hyperthermic Petrocalcic Paleustalfs",Alfisols,Ustalfs,Paleustalfs,Petrocalcic Paleustalfs,fine-loamy,not used,active,not used,hyperthermic,Aridic (torric),hyperthermic,eleventh edition,,,,,,,N/A,N/A,,,,,2403301,13765576
1,3,5,Falfurrias,Series,No,,,0.0,3.0,5.0,30,61,91,,,,,,,,,No,Somewhat excessively drained,9.100000381469727,122.0,228.60000610351562,0,135,360,dunes on sand sheets on coastal plains,,,,21.100000381469727,22.799999237060547,23.299999237060547,483,584,635,,,,270,330,365,,,,,,,,,,,,,,,,,,,,,,,,,,,,,,,,,,,,,"Mixed, hyperthermic Typic Ustipsamments",Entisols,Psamments,Ustipsamments,Typic Ustipsamments,not used,not used,not used,not used,hyperthermic,Typic,hyperthermic,eleventh edition,,,,,,,N/A,N/A,,,,,2403301,13765577
0,4,10,Sarita,Series,No,,,0.0,2.0,3.0,30,91,91,,,,,,,,,No,Well drained,9.100000381469727,122.0,228.60000610351562,0,135,360,dunes on sand sheets on coastal plains,,,,21.100000381469727,22.799999237060547,23.299999237060547,483,584,635,,,,270,330,365,,,,,,,,,,,,,,,,,,,,,,,,,,,,,,,,,,,,,"Loamy, mixed, active, hyperthermic Grossarenic Paleustalfs",Alfisols,Ustalfs,Paleustalfs,Grossarenic Paleustalfs,loamy,not used,active,not used,hyperthermic,Aridic (torric),hyperthermic,eleventh edition,,,,,,,N/A,N/A,,,,,2403301,13765578
60,90,95,Coy,Series,Yes,,dry,1.0,2.0,3.0,61,61,91,High,5,86,4,Class 1,Grass/herbaceous cover,Shrubby rangeland,,No,Well drained,45.70000076293945,131.10000610351562,213.39999389648438,0,135,360,terraces on coastal plains,,0.09000000357627869,,21.100000381469727,21.700000762939453,22.200000762939453,559,610,635,,,,270,290,300,2,e,,2,e,,,4ck,,2500,3500,4000,,,,,,,,,,,,,,,None,0,0,0,0,0,0,C,Moderate,High,"Fine, smectitic, hyperthermic Pachic Vertic Argiustolls",Mollisols,Ustolls,Argiustolls,Pachic Vertic Argiustolls,fine,not used,not used,not used,hyperthermic,Aridic (torric),hyperthermic,twelfth edition,,,,,,,N/A,N/A,,,,,2403302,13765659
0,3,15,Pernitas,Series,No,,,1.0,2.0,3.0,61,61,91,,,,,,,,,No,Well drained,45.70000076293945,131.10000610351562,213.39999389648438,0,135,360,hillslopes on coastal plains,,,,21.100000381469727,21.700000762939453,22.200000762939453,559,610,635,,,,270,290,300,,,,,,,,,,,,,,,,,,,,,,,,,,,,,,,,,,,,,"Fine-loamy, mixed, superactive, hyperthermic Typic Argiustolls",Mollisols,Ustolls,Argiustolls,Typic Argiustolls,fine-loamy,not used,superactive,not used,hyperthermic,Typic,hyperthermic,twelfth edition,,,,,,,N/A,N/A,,,,,2403302,13765660
0,3,15,Chacon,Series,No,,,1.0,2.0,3.0,61,61,91,,,,,,,,,No,Well drained,45.70000076293945,131.10000610351562,213.39999389648438,0,135,360,hillslopes on coastal plains,,,,21.100000381469727,21.700000762939453,22.200000762939453,559,610,635,,,,270,290,300,,,,,,,,,,,,,,,,,,,,,,,,,,,,,,,,,,,,,"Fine, smectitic, hyperthermic Torrertic Argiustolls",Mollisols,Ustolls,Argiustolls,Torrertic Argiustolls,fine,not used,not used,not used,hyperthermic,Aridic (torric),hyperthermic,twelfth edition,,,,,,,N/A,N/A,,,,,2403302,13765661
0,2,10,Clareville,Series,No,,,0.0,0.5,1.0,30,30,61,,,,,,,,,No,Well drained,45.70000076293945,131.10000610351562,213.39999389648438,0,135,360,drainageways on coastal plains,,,,21.100000381469727,21.700000762939453,22.200000762939453,559,610,635,,,,270,290,300,,,,,,,,,,,,,,,,,,,,,,,,,,,,,,,,,,,,,"Fine, smectitic, hyperthermic Pachic Argiustolls",Mollisols,Ustolls,Argiustolls,Pachic Argiustolls,fine,not used,not used,not used,hyperthermic,Typic,hyperthermic,twelfth edition,,,,,,,N/A,N/A,,,,,2403302,13765662
0,2,5,Sinton,Series,No,,,0.0,0.5,1.0,30,30,61,,,,,,,,,No,Well drained,45.70000076293945,131.10000610351562,213.39999389648438,0,135,360,drainageways on coastal plains,,,,21.100000381469727,21.700000762939453,22.200000762939453,559,610,635,,,,270,290,300,,,,,,,,,,,,,,,,,,,,,,,,,,,,,,,,,,,,,"Fine-loamy, mixed, superactive, hyperthermic Cumulic Haplustolls",Mollisols,Ustolls,Haplustolls,Cumulic Haplustolls,fine-loamy,not used,superactive,not used,hyperthermic,Typic,hyperthermic,twelfth edition,,,,,,,N/A,N/A,,,,,2403302,13765663
60,88,95,Pernitas,Series,Yes,,,1.0,3.0,5.0,,91,,Low,5,86,3,Class 1,Shrub cover,Shrubby rangeland,,No,Well drained,61.0,106.0,243.89999389648438,0,135,360,interfluves on coastal plains,,0.1599999964237213,,21.100000381469727,22.200000762939453,23.299999237060547,610,686,762,,,,275,285,295,3,e,,,,,,8,,2000,3000,4000,,,,,,,,,,,,,,,None,0,0,0,0,0,0,B,Low,Moderate,"Fine-loamy, mixed, superactive, hyperthermic Typic Argiustolls",Mollisols,Ustolls,Argiustolls,Typic Argiustolls,fine-loamy,not used,superactive,not used,hyperthermic,Typic,hyperthermic,eleventh edition,,,,,,,N/A,N/A,,,,,2403303,13765545
2,4,13,Benavides,Series,No,,,1.0,3.0,5.0,48,91,91,Low,5,86,3,Class 1,Shrub cover,Shrubby rangeland,,No,Well drained,61.0,106.0,244.0,0,135,360,interfluves on coastal plains,,0.1599999964237213,,21.0,22.0,23.0,610,685,711,,,,275,285,295,3,e,,,,,,8,,2000,3000,4000,,,,,,,,,,,,,,,None,0,0,0,0,0,0,C,Low,Moderate,"Fine-loamy, mixed, superactive, hyperthermic Aridic Calciustolls",Mollisols,Ustolls,Calciustolls,Aridic Calciustolls,fine-loamy,not used,superactive,not used,hyperthermic,Aridic (torric),hyperthermic,eleventh edition,,,,,,,N/A,N/A,,,,,2403303,13765546
3,5,15,Annarose,Series,No,,,1.0,3.0,5.0,48,91,91,Low,4,86,3,Class 1,Shrub cover,Shrubby rangeland,,No,Well drained,61.0,106.0,244.0,0,135,360,interfluves on coastal plains,,0.23000000417232513,,21.0,22.0,23.0,610,685,711,,,,275,285,295,3,e,,,,,,8,,2000,3000,4000,,,,,,,,,,,,,,,None,0,0,0,0,0,0,B,Low,Low,"Coarse-loamy, mixed, superactive, hyperthermic Aridic Calciustepts",Inceptisols,Ustepts,Calciustepts,Aridic Calciustepts,coarse-loamy,not used,superactive,not used,hyperthermic,Aridic (torric),hyperthermic,eleventh edition,,,,,,,N/A,N/A,,,,,2403303,13765547
0,1,5,Alet,Series,No,,,1.0,3.0,5.0,48,91,91,Low,5,56,5,None - deposition,Shrub cover,Shrubby rangeland,,No,Well drained,61.0,106.0,244.0,0,135,360,drainageways on coastal plains,,0.09000000357627869,,21.0,22.0,23.0,610,685,711,,,,275,285,295,2,e,,,,,,8,,2000,3000,4000,,,,,,,,,,,,,,,None,0,0,0,0,0,0,B,Low,Moderate,"Fine-loamy, mixed, superactive, hyperthermic Typic Argiustolls",Mollisols,Ustolls,Argiustolls,Typic Argiustolls,fine-loamy,not used,superactive,not used,hyperthermic,Typic,hyperthermic,eleventh edition,,,,,,,N/A,N/A,,,,,2403303,13765548
0,2,7,Goliad,Series,No,,,1.0,3.0,5.0,48,91,91,Low,3,86,3,Class 1,Shrub cover,Shrubby rangeland,,No,Well drained,61.0,106.0,244.0,0,135,360,hills on coastal plains,,0.09000000357627869,,21.0,22.0,23.0,610,685,711,,,,275,285,295,3,e,,,,,,8,,3000,4200,5500,,,,,,,,,,,,,,,None,0,0,0,0,0,0,C,Low,Moderate,"Fine, smectitic, hyperthermic Petrocalcic Paleustolls",Mollisols,Ustolls,Paleustolls,Petrocalcic Paleustolls,fine,not used,not used,not used,hyperthermic,Typic,hyperthermic,eleventh edition,,,,,,,N/A,N/A,,,,,2403303,13765549
,80,,Maverick,Series,Yes,,,1.0,2.0,3.0,,91,,High,3,86,4,,,,,No,Well drained,91.0,114.0,137.0,85,135,190,"interfluves on coastal plains, ridges on coastal plains",,0.09000000357627869,,21.0,22.0,23.0,559,635,660,,,,275,288,300,2,e,,,,,,,,2000,3000,3500,,,,,,,,,,,,,,,None,0,0,0,,,,D,High,High,"Fine, smectitic, hyperthermic Aridic Haplustepts",Inceptisols,Ustepts,Haplustepts,Aridic Haplustepts,fine,,not used,not used,hyperthermic,,hyperthermic,tenth edition,,,,,,,N/A,N/A,,,,,2403304,13765527
,20,,Unnamed,,No,,,,,,,,,,,,,,,,,No,,,,,,,,"interfluves on coastal plains, ridges on coastal plains",,,,,,,,,,,,,,,,,,,,,,,,,,,,,,,,,,,,,,,,,,,,,,,,,,,,,,,,,,,,,,,,tenth edition,,,,,,,N/A,N/A,,,,,2403304,13765528
70,85,95,Weesatche,Series,Yes,,,1.0,2.0,3.0,60,91,91,Low,5,56,5,Class 1,Grass/herbaceous cover,Shrubby rangeland,,No,Well drained,30.5,76.19999694824219,243.89999389648438,0,135,360,ridges on coastal plains,,0.1599999964237213,,21.100000381469727,22.200000762939453,23.299999237060547,660,711,914,,,,275,285,295,2,e,,2,e,,,3,,3000,4400,5800,,,,,,,,,,,,,,,None,0,0,0,0,0,0,B,Low,Moderate,"Fine-loamy, mixed, superactive, hyperthermic Typic Argiustolls",Mollisols,Ustolls,Argiustolls,Typic Argiustolls,fine-loamy,not used,superactive,not used,hyperthermic,Typic,hyperthermic,eleventh edition,,,,,,,N/A,N/A,,,,,2403305,13765563
0,5,9,Clareville,Series,No,,,1.0,2.0,3.0,,,,,,,,,,,,No,,30.5,76.19999694824219,243.89999389648438,0,135,360,drainageways on coastal plains,,,,21.100000381469727,22.200000762939453,23.299999237060547,660,711,914,,,,275,285,295,,,,,,,,10,,,,,,,,,,,,,,,,,,,,,,,,,,,,,"Fine, smectitic, hyperthermic Pachic Argiustolls",Mollisols,Ustolls,Argiustolls,Pachic Argiustolls,fine,not used,not used,not used,hyperthermic,Typic,hyperthermic,eleventh edition,,,,,,,N/A,N/A,,,,,2403305,13765564
0,2,5,Goliad,Series,No,,,1.0,2.0,3.0,,,,,,,,,,,,No,,30.5,76.19999694824219,243.89999389648438,0,135,360,hills on coastal plains,,,,21.100000381469727,22.200000762939453,23.299999237060547,660,711,914,,,,275,285,295,,,,,,,,10,,,,,,,,,,,,,,,,,,,,,,,,,,,,,"Fine, smectitic, hyperthermic Petrocalcic Paleustolls",Mollisols,Ustolls,Paleustolls,Petrocalcic Paleustolls,fine,not used,not used,not used,hyperthermic,Typic,hyperthermic,eleventh edition,,,,,,,N/A,N/A,,,,,2403305,13765565
0,3,5,Papalote,Series,No,,,1.0,2.0,3.0,,,,,,,,,,,,No,,30.5,76.19999694824219,243.89999389648438,0,135,360,terraces on coastal plains,,,,21.100000381469727,22.200000762939453,23.299999237060547,660,711,914,,,,275,285,295,,,,,,,,10,,,,,,,,,,,,,,,,,,,,,,,,,,,,,"Fine, smectitic, hyperthermic Typic Paleustalfs",Alfisols,Ustalfs,Paleustalfs,Typic Paleustalfs,fine,not used,not used,not used,hyperthermic,Typic,hyperthermic,eleventh edition,,,,,,,N/A,N/A,,,,,2403305,13765566
3,5,10,Pernitas,Series,No,,,1.0,2.0,3.0,,,,,,,,,,,,No,,30.5,76.19999694824219,243.89999389648438,0,135,360,interfluves on coastal plains,,,,21.100000381469727,22.200000762939453,23.299999237060547,660,711,914,,,,275,285,295,,,,,,,,10,,,,,,,,,,,,,,,,,,,,,,,,,,,,,"Fine-loamy, mixed, superactive, hyperthermic Typic Argiustolls",Mollisols,Ustolls,Argiustolls,Typic Argiustolls,fine-loamy,not used,superactive,not used,hyperthermic,Typic,hyperthermic,eleventh edition,,,,,,,N/A,N/A,,,,,2403305,13765567
80,90,100,Catarina,Series,Yes,,,0.0,1.0,2.0,30,61,91,Very high,5,86,4,Class 1,Grass/herbaceous cover,Shrubby rangeland,,No,Moderately well drained,91.5,167.6999969482422,243.89999389648438,0,135,360,ridges on coastal plains,,0.30000001192092896,,21.700000762939453,22.200000762939453,23.299999237060547,457,508,610,,,,280,300,320,6,s,,6,s,,,9,,1500,2300,3000,,,,,,,,,,,,,,,None,0,0,0,0,0,0,D,High,High,"Fine, smectitic, hyperthermic Sodic Haplusterts",Vertisols,Usterts,Haplusterts,Sodic Haplusterts,fine,not used,not used,not used,hyperthermic,Aridic (torric),hyperthermic,twelfth edition,,,,,,,N/A,N/A,,,,,2403306,13765638
0,3,10,Brundage,Series,No,,,0.0,1.0,2.0,30,61,91,,,,,,,,,No,Moderately well drained,91.5,167.6999969482422,243.89999389648438,0,135,360,terraces on coastal plains,,,,21.700000762939453,22.200000762939453,23.299999237060547,457,508,610,,,,280,300,320,,,,,,,,,,,,,,,,,,,,,,,,,,,,,,,,,,,,,"Fine-loamy, mixed, active, hyperthermic Aridic Natrustalfs",Alfisols,Ustalfs,Natrustalfs,Aridic Natrustalfs,fine-loamy,not used,active,not used,hyperthermic,Aridic (torric),hyperthermic,twelfth edition,,,,,,,N/A,N/A,,,,,2403306,13765639
0,3,10,Maverick,Series,No,,,1.0,2.0,3.0,61,91,91,,,,,,,,,No,Well drained,91.5,167.6999969482422,243.89999389648438,0,135,360,ridges on coastal plains,,,,21.700000762939453,22.200000762939453,23.299999237060547,457,508,610,,,,280,300,320,,,,,,,,,,,,,,,,,,,,,,,,,,,,,,,,,,,,,"Fine, smectitic, hyperthermic Aridic Haplustepts",Inceptisols,Ustepts,Haplustepts,Aridic Haplustepts,fine,not used,not used,not used,hyperthermic,Aridic (torric),hyperthermic,twelfth edition,,,,,,,N/A,N/A,,,,,2403306,13765640
0,3,10,Viboras,Series,No,,,0.0,1.0,2.0,30,61,91,,,,,,,,,No,Well drained,91.5,167.6999969482422,243.89999389648438,0,135,360,ridges on coastal plains,,,,21.700000762939453,22.200000762939453,23.299999237060547,457,508,610,,,,280,300,320,,,,,,,,,,,,,,,,,,,,,,,,,,,,,,,,,,,,,"Fine, mixed, superactive, hyperthermic Torrertic Haplustepts",Inceptisols,Ustepts,Haplustepts,Torrertic Haplustepts,fine,not used,superactive,not used,hyperthermic,Aridic (torric),hyperthermic,twelfth edition,,,,,,,N/A,N/A,,,,,2403306,13765641
0,1,5,Monwebb,Series,No,,,0.0,0.5,1.0,30,30,61,,,,,,,,,No,Moderately well drained,91.5,167.6999969482422,243.89999389648438,0,135,360,drainageways on coastal plains,,,,21.700000762939453,22.200000762939453,23.299999237060547,457,508,610,,,,280,300,320,,,,,,,,,,,,,,,,,,,,,,,,,,,,,,,,,,,,,"Fine, smectitic, hyperthermic Sodic Haplusterts",Vertisols,Usterts,Haplusterts,Sodic Haplusterts,fine,not used,not used,not used,hyperthermic,Aridic (torric),hyperthermic,twelfth edition,,,,,,,N/A,N/A,,,,,2403306,13765642
,90,,Salco,Series,Yes,,,1.0,3.0,5.0,,61,,Very low,5,56,5,Class 1,Shrub cover,Shrubby rangeland,,No,Well drained,92.0,162.0,220.0,85,135,190,interfluves on coastal plains,,0.23000000417232513,,21.0,22.0,23.0,560,638,700,,,,260,280,300,3,s,,,,,,,,1000,2500,3400,,,,,,,,,,,,,,,None,0,0,0,,,,B,Low,Moderate,"Fine-loamy, mixed, superactive, hyperthermic Aridic Argiustolls",Mollisols,Ustolls,Calciustolls,Aridic Calciustolls,fine-loamy,not used,superactive,not used,hyperthermic,Ustic,hyperthermic,tenth edition,,,,,,,N/A,N/A,,,,,2403307,13765511
,10,,Unnamed,,No,,,,,,,,,,,,,,,,,No,,,,,,,,interfluves on hills,,,,,,,,,,,,,,,,,,,,,,,,,,,,,,,,,,,,,,,,,,,,,,,,,,,,,,,,,,,,,,,,tenth edition,,,,,,,N/A,N/A,,,,,2403307,13765512
80,90,95,Aguilares,Series,Yes,,,0.0,2.0,3.0,30,91,91,Low,5,86,3,Class 1,Shrub cover,Native shrubs,,No,Well drained,45.70000076293945,76.19999694824219,259.1000061035156,0,135,360,low hills on coastal plains,,0.1599999964237213,,21.700000762939453,22.200000762939453,22.799999237060547,457,559,610,,,,265,290,325,4,s,,4,s,,,10,,500,800,1200,,,,,,,,,,,,,,,None,0,0,0,0,0,0,B,High,High,"Fine-loamy, mixed, superactive, hyperthermic Aridic Calciustepts",Inceptisols,Ustepts,Calciustepts,Aridic Calciustepts,fine-loamy,not used,superactive,not used,hyperthermic,Aridic (torric),hyperthermic,eleventh edition,,,,,,,N/A,N/A,,,,,2403308,13765628
0,4,10,Brundage,Series,No,,,0.0,0.5,1.0,30,30,61,,,,,,,,,No,Well drained,45.70000076293945,76.19999694824219,259.1000061035156,0,135,360,terraces on coastal plains,,,,21.700000762939453,22.200000762939453,22.799999237060547,457,559,610,,,,265,290,325,,,,,,,,,,,,,,,,,,,,,,,,,,,,,,,,,,,,,"Fine-loamy, mixed, active, hyperthermic Aridic Natrustalfs",Alfisols,Ustalfs,Natrustalfs,Aridic Natrustalfs,fine-loamy,not used,active,not used,hyperthermic,Aridic (torric),hyperthermic,eleventh edition,,,,,,,N/A,N/A,,,,,2403308,13765629
0,3,10,Copita,Series,No,,,1.0,2.0,3.0,61,91,91,,,,,,,,,No,Well drained,45.70000076293945,76.19999694824219,259.1000061035156,0,135,360,low hills on coastal plains,,,,21.700000762939453,22.200000762939453,22.799999237060547,457,559,610,,,,265,290,325,,,,,,,,,,,,,,,,,,,,,,,,,,,,,,,,,,,,,"Fine-loamy, mixed, superactive, hyperthermic Aridic Calciustepts",Inceptisols,Ustepts,Calciustepts,Aridic Calciustepts,fine-loamy,not used,superactive,not used,hyperthermic,Aridic (torric),hyperthermic,eleventh edition,,,,,,,N/A,N/A,,,,,2403308,13765630
0,1,10,Verick,Series,No,,,1.0,3.0,5.0,49,61,91,,,,,,,,,No,Well drained,45.70000076293945,76.19999694824219,259.1000061035156,0,135,360,low hills on coastal plains,,,,21.700000762939453,22.200000762939453,22.799999237060547,457,559,610,,,,265,290,325,,,,,,,,,,,,,,,,,,,,,,,,,,,,,,,,,,,,,"Loamy, mixed, active, hyperthermic, shallow Aridic Haplustalfs",Alfisols,Ustalfs,Haplustalfs,Aridic Haplustalfs,loamy,not used,active,not used,hyperthermic,Aridic (torric),hyperthermic,eleventh edition,,,,,,,N/A,N/A,,,,,2403308,13765631
0,2,10,Moglia,Series,No,,,1.0,3.0,5.0,49,61,91,,,,,,,,,No,Well drained,45.70000076293945,76.19999694824219,259.1000061035156,0,135,360,low hills on coastal plains,,,,21.700000762939453,22.200000762939453,22.799999237060547,457,559,610,,,,265,290,325,,,,,,,,,,,,,,,,,,,,,,,,,,,,,,,,,,,,,"Fine-loamy, mixed, superactive, hyperthermic Aridic Calciustepts",Inceptisols,Ustepts,Calciustepts,Aridic Calciustepts,fine-loamy,not used,superactive,not used,hyperthermic,Aridic (torric),hyperthermic,eleventh edition,,,,,,,N/A,N/A,,,,,2403308,13765632
55,73,90,Houla,Series,Yes,,,0.0,1.5,3.0,,91,,Low,5,86,4,Class 1,Shrub cover,Shrubby rangeland,,No,Well drained,92.0,153.0,214.0,0,135,360,erosion remnants on coastal plains,,0.09000000357627869,,21.0,22.0,23.0,560,610,660,,,,265,281,301,3,s,,,,,,,,2000,3000,4000,,,,,,,,,,,,,,,None,0,0,0,0,0,0,B,Moderate,High,"Fine-loamy, mixed, superactive, hyperthermic Aridic Calciustolls",Mollisols,Ustolls,Calciustolls,Aridic Calciustolls,fine-loamy,not used,superactive,not used,hyperthermic,Aridic (torric),hyperthermic,eleventh edition,,,,,,,N/A,N/A,,,,,2403309,13765541
3,13,15,Lomart,Series,No,,,0.0,2.0,3.0,30,61,91,Medium,3,86,4L,Class 1,Shrub cover,Shrubby rangeland,,No,Well drained,92.0,153.0,214.0,0,135,360,erosion remnants on coastal plains,,0.30000001192092896,,21.0,22.0,23.0,560,610,660,,,,265,281,301,6,e,,,,,,,,1000,1800,2700,,,,,,,,,,,,,,,None,0,0,0,0,0,0,C,Low,Low,"Coarse-loamy, mixed, superactive, hyperthermic Aridic Calciustepts",Inceptisols,Ustepts,Calciustepts,Aridic Calciustepts,coarse-loamy,not used,superactive,not used,hyperthermic,Aridic (torric),hyperthermic,eleventh edition,,,,,,,N/A,N/A,,,,,2403309,13765542
0,11,13,Eloso,Series,No,,,0.0,2.0,3.0,30,91,91,High,3,86,4,Class 1,Shrub cover,Shrubby rangeland,,No,Well drained,92.0,153.0,214.0,0,135,360,interfluves on coastal plains,,0.019999999552965164,,21.0,22.0,23.0,560,610,660,,,,265,281,301,3,e,,,,,,,,2000,3200,4200,,,,,,,,,,,,,,,None,0,0,0,0,0,0,D,Low,High,"Fine, smectitic, hyperthermic Vertic Haplustolls",Mollisols,Ustolls,Haplustolls,Vertic Haplustolls,fine,not used,not used,not used,hyperthermic,Typic,hyperthermic,eleventh edition,,,,,,,N/A,N/A,,,,,2403309,13765543
1,3,5,Tela,Series,No,,,0.0,1.0,3.0,30,61,91,Very low,5,56,5,None - deposition,Shrub cover,Shrubby rangeland,,No,Well drained,92.0,153.0,214.0,0,135,360,drainageways on coastal plains,,0.1599999964237213,,21.0,22.0,23.0,560,610,660,,,,265,281,301,3,c,,,,,,,,2500,4500,6000,,,,,,,,,,,,,,,None,0,0,0,0,0,0,B,Low,Moderate,"Fine-loamy, mixed, superactive, hyperthermic Aridic Argiustolls",Mollisols,Ustolls,Argiustolls,Aridic Argiustolls,fine-loamy,not used,superactive,not used,hyperthermic,Aridic (torric),hyperthermic,eleventh edition,,,,,,,N/A,N/A,,,,,2403309,13765544
,90,,Premont,Series,Yes,NIRR,,0.0,2.0,3.0,,91,,Low,5,86,3,,,,,No,Well drained,76.0,90.0,105.0,85,135,190,paleoterraces on coastal plains,,0.23000000417232513,,22.0,23.0,23.0,559,635,700,,,,290,315,320,3,e,,3,e,,,,,1000,3000,3500,,,,,,,,,,,,,,,None,0,0,0,,,,B,Moderate,Moderate,"Fine-loamy, mixed, superactive, hyperthermic Typic Haplustalfs",Alfisols,Ustalfs,Haplustalfs,Typic Haplustalfs,fine-loamy,not used,superactive,not used,hyperthermic,,hyperthermic,tenth edition,,,,,,,N/A,N/A,,,,,2403310,13765529
,10,,Unnamed,,No,,,,,,,,,,,,,,,,,No,,,,,,,,paleoterraces on coastal plains,,,,,,,,,,,,,,,,,,,,,,,,,,,,,,,,,,,,,,,,,,,,,,,,,,,,,,,,,,,,,,,,tenth edition,,,,,,,N/A,N/A,,,,,2403310,13765530
,85,,Moglia,Series,Yes,,,1.0,2.0,5.0,,61,,Low,5,86,4L,None - deposition,Shrub cover,Shrubby rangeland,,No,Well drained,76.0,160.0,244.0,85,135,190,interfluves on coastal plains,,0.23000000417232513,,22.0,23.0,23.0,560,620,680,,,,260,290,320,6,e,,,,,,,,1500,2700,3600,,,,,,,,,,,,,,,None,0,0,0,,,,C,High,High,"Fine-loamy, mixed, active, hyperthermic Aridic Calciustepts",Inceptisols,Ustepts,Calciustepts,Aridic Calciustepts,fine-loamy,not used,active,not used,hyperthermic,Ustic,hyperthermic,tenth edition,,,,,,,N/A,N/A,,,,,2403311,13765513
,15,,Unnamed,,No,,,,,,,,,,,,,,,,,No,,,,,,,,interfluves on foothills,,,,,,,,,,,,,,,,,,,,,,,,,,,,,,,,,,,,,,,,,,,,,,,,,,,,,,,,,,,,,,,,tenth edition,,,,,,,N/A,N/A,,,,,2403311,13765514
75,82,90,Pernitas,Series,Yes,,,1.0,3.0,5.0,48,91,91,Low,5,56,5,Class 1,Shrub cover,Shrubby rangeland,,No,Well drained,61.0,106.0,243.89999389648438,0,135,360,interfluves on coastal plains,,0.1599999964237213,,21.100000381469727,22.200000762939453,23.299999237060547,610,686,762,,,,275,285,295,3,e,,3,e,,,8,,2000,3000,4000,,,,,,,,,,,,,,,None,0,0,0,0,0,0,B,Low,Moderate,"Fine-loamy, mixed, superactive, hyperthermic Typic Argiustolls",Mollisols,Ustolls,Argiustolls,Typic Argiustolls,fine-loamy,not used,superactive,not used,hyperthermic,Typic,hyperthermic,eleventh edition,,,,,,,N/A,N/A,,,,,2403312,13765550
2,5,8,Sarnosa,Series,No,,,1.0,3.0,5.0,48,91,91,Low,5,86,3,Class 1,Shrub cover,Shrubby rangeland,,No,Well drained,61.0,106.0,244.0,0,135,360,interfluves on coastal plains,,0.1599999964237213,,21.0,22.0,23.0,610,685,711,,,,275,285,295,4,e,,,,,,5k,,2500,3500,4500,,,,,,,,,,,,,,,None,0,0,0,0,0,0,B,Low,Moderate,"Coarse-loamy, mixed, superactive, hyperthermic Typic Calciustolls",Mollisols,Ustolls,Calciustolls,Typic Calciustolls,coarse-loamy,not used,superactive,not used,hyperthermic,Typic,hyperthermic,eleventh edition,,,,,,,N/A,N/A,,,,,2403312,13765551
1,2,3,Olmedo,Series,No,,,3.0,4.0,5.0,48,91,91,Low,1,48,6,Class 1,Shrub cover,Shrubby rangeland,,No,Well drained,61.0,106.0,244.0,0,135,360,interfluves on coastal plains,,0.1599999964237213,,21.0,22.0,23.0,610,685,711,,,,275,285,295,7,s,,,,,,10,,1000,1800,2700,,,,,,,,,,,,,,,None,0,0,0,0,0,0,D,Low,Low,"Loamy-skeletal, carbonatic, hyperthermic, shallow Petrocalcic Calciustolls",Mollisols,Ustolls,Calciustolls,Petrocalcic Calciustolls,loamy-skeletal,not used,not used,not used,hyperthermic,Typic,hyperthermic,eleventh edition,,,,,,,N/A,N/A,,,,,2403312,13765552
4,8,12,Benavides,Series,No,,,1.0,3.0,5.0,48,91,91,Low,5,86,3,Class 1,Shrub cover,Shrubby rangeland,,No,Well drained,61.0,106.0,244.0,0,135,360,interfluves on coastal plains,,0.1599999964237213,,21.0,22.0,23.0,610,685,711,,,,275,285,295,3,e,,,,,,8,,2000,3000,4000,,,,,,,,,,,,,,,None,0,0,0,0,0,0,C,Low,Moderate,"Fine-loamy, mixed, superactive, hyperthermic Aridic Calciustolls",Mollisols,Ustolls,Calciustolls,Aridic Calciustolls,fine-loamy,not used,superactive,not used,hyperthermic,Aridic (torric),hyperthermic,eleventh edition,,,,,,,N/A,N/A,,,,,2403312,13765553
1,3,4,Alet,Series,No,,,1.0,3.0,5.0,48,91,91,Low,5,56,5,None - deposition,Shrub cover,Shrubby rangeland,,No,Well drained,61.0,106.0,244.0,0,135,360,drainageways on coastal plains,,0.09000000357627869,,21.0,22.0,23.0,610,685,711,,,,275,285,295,2,e,,,,,,3,,2000,3000,4000,,,,,,,,,,,,,,,None,0,0,0,0,0,0,B,Low,Moderate,"Fine-loamy, mixed, superactive, hyperthermic Typic Argiustolls",Mollisols,Ustolls,Argiustolls,Typic Argiustolls,fine-loamy,not used,superactive,not used,hyperthermic,Typic,hyperthermic,eleventh edition,,,,,,,N/A,N/A,,,,,2403312,13765554
,90,,Jardin,Series,Yes,,,1.0,2.0,3.0,,49,,High,2,86,3,Class 1,Shrub cover,Shrubby rangeland,,No,Well drained,76.0,91.0,210.0,85,135,190,interfluves on coastal plains,,0.23000000417232513,,21.0,22.0,23.0,560,611,680,,,,250,275,300,6,s,,,,,,,,1000,1800,3000,,,,,,,,,,,,,,,None,0,0,0,,,,D,Low,Low,"Loamy, mixed, superactive, hyperthermic, shallow Petrocalcic Paleustolls",Mollisols,Ustolls,Paleustolls,Petrocalcic Paleustolls,loamy,not used,superactive,not used,hyperthermic,Ustic,hyperthermic,tenth edition,,,,,,,N/A,N/A,,,,,2403313,13765515
,10,,Unnamed,,No,,,,,,,,,,,,,,,,,No,,,,,,,,knobs on hills,,,,,,,,,,,,,,,,,,,,,,,,,,,,,,,,,,,,,,,,,,,,,,,,,,,,,,,,,,,,,,,,tenth edition,,,,,,,N/A,N/A,,,,,2403313,13765516
,8,,Unnamed,,No,,,,,,,,,,,,,,,,,No,,,,,,,,,,,,,,,,,,,,,,,,,,,,,,,,,,,,,,,,,,,,,,,,,,,,,,,,,,,,,,,,,,,,,,,,tenth edition,,,,,,,N/A,N/A,,,,,2403314,13765535
,85,,Mirasol,Series,Yes,,,1.0,5.0,8.0,,49,,Very high,1,48,6,Class 1,Shrub cover,Shrubby rangeland,,No,Well drained,76.0,145.0,229.0,85,135,190,"cuestas on coastal plains, scarp slopes on coastal plains",,0.1599999964237213,,21.0,22.0,23.0,559,610,660,,,,265,281,301,7,s,,,,,,,,1000,2300,3500,,,,,,,,,,,,,,,None,0,0,0,,,,D,Low,Moderate,"Loamy-skeletal, mixed, superactive, hyperthermic, shallow Typic Durustepts",Inceptisols,Ustepts,Durustepts,Typic Durustepts,loamy-skeletal,not used,superactive,not used,hyperthermic,Typic,hyperthermic,tenth edition,,,,,,,N/A,N/A,,,,,2403314,13765536
,7,,Lomart,Series,No,,,,,,,,,,,,,,,,,,,,,,,,,,,,,,,,,,,,,,,,,,,,,,,,,,,,,,,,,,,,,,,,,,,,,,,,,,,,,,,,,,,,,,,,,,,,,,,,N/A,N/A,,,,,2403314,13765537
,60,,Piedras,Series,Yes,,,1.0,3.0,5.0,,61,,High,1,56,5,Class 1,,,,No,Well drained,76.0,168.0,244.0,85,135,190,interfluves on coastal plains,,0.09000000357627869,,21.0,22.0,23.0,560,611,700,,,,270,290,300,6,s,,,,,,,,1000,2300,3500,,,,,,,,,,,,,,,None,0,0,0,,,,D,Low,Moderate,"Loamy-skeletal, mixed, active, hyperthermic, shallow Petrocalcic Calciustepts",Inceptisols,Ustepts,Calciustepts,Petrocalcic Calciustepts,loamy-skeletal,not used,active,not used,hyperthermic,Ustic,hyperthermic,tenth edition,,,,,,,N/A,N/A,,,,,2403315,13765517
,35,,Cuevitas,Series,Yes,,,1.0,2.0,3.0,,91,,High,1,86,3,Class 1,,,,No,Well drained,76.0,168.0,244.0,85,135,190,interfluves on coastal plains,,0.23000000417232513,,21.0,22.0,23.0,560,611,734,,,,270,290,330,7,s,,,,,,,,1000,2300,3500,,,,,,,,,,,,,,,None,0,0,0,,,,D,Low,Moderate,"Loamy, mixed, active, hyperthermic, shallow Aridic Haplustalfs",Inceptisols,Ustepts,Haplustepts,Aridic Haplustalfs,loamy,not used,active,not used,hyperthermic,Ustic,hyperthermic,tenth edition,,,,,,,N/A,N/A,,,,,2403315,13765518
,5,,Unnamed,,No,,,,,,,,,,,,,,,,,No,,,,,,,,ridges on hills,,,,,,,,,,,,,,,,,,,,,,,,,,,,,,,,,,,,,,,,,,,,,,,,,,,,,,,,,,,,,,,,tenth edition,,,,,,,N/A,N/A,,,,,2403315,13765519
60,85,90,Grava,Series,Yes,,,1.0,5.0,8.0,,49,,High,2,38,7,Class 1,Shrub cover,Shrubby rangeland,,No,Well drained,122.0,185.0,245.0,85,135,190,interfluves on coastal plains,,0.1599999964237213,,22.0,22.0,23.0,550,600,650,,,,250,280,300,7,s,,,,,,,,1000,1800,3000,,,,,,,,,,,,,,,None,0,0,0,,,,C,Low,High,"Clayey-skeletal, smectitic, hyperthermic Petrocalcic Paleustolls",Mollisols,Ustolls,Paleustolls,Petrocalcic Paleustolls,clayey-skeletal,not used,not used,not used,hyperthermic,Ustic,hyperthermic,tenth edition,,,,,,,N/A,N/A,,,,,2403316,13765520
5,15,20,Unnamed,,No,,,,,,,,,,,,,,,,,No,,,,,,,,ridges on hills,,,,,,,,,,,,,,,,,,,,,,,,,,,,,,,,,,,,,,,,,,,,,,,,,,,,,,,,,,,,,,,,tenth edition,,,,,,,N/A,N/A,,,,,2403316,13765521
,10,,Unnamed,,No,,,,,,,,,,,,,,,,,No,,,,,,,,,,,,,,,,,,,,,,,,,,,,,,,,,,,,,,,,,,,,,,,,,,,,,,,,,,,,,,,,,,,,,,,,tenth edition,,,,,,,N/A,N/A,,,,,2403317,13765533
,90,,Olmedo,Series,Yes,,,1.0,5.0,8.0,,49,,High,1,0,8,,,,,No,Well drained,91.0,229.0,366.0,85,135,190,interfluves on coastal plains,,0.1599999964237213,,21.0,22.0,23.0,559,610,660,,,,265,281,301,7,s,,,,,,,,1000,1800,2700,,,,,,,,,,,,,,,None,0,0,0,,,,D,Low,Low,"Loamy-skeletal, carbonatic, hyperthermic, shallow Petrocalcic Calciustolls",Mollisols,Ustolls,Calciustolls,Petrocalcic Calciustolls,loamy-skeletal,,not used,not used,hyperthermic,Typic,hyperthermic,tenth edition,,,,,,,N/A,N/A,,,,,2403317,13765534
0,1,5,Annarose,Series,No,,,2.0,3.0,8.0,40,61,91,,,,,,,,,No,Well drained,76.19999694824219,144.8000030517578,213.39999389648438,0,180,360,erosion remnants on coastal plains,,,,21.100000381469727,22.200000762939453,22.799999237060547,559,610,660,,,,260,280,300,,,,,,,,,,,,,,,,,,,,,,,,,,,,,,,,,,,,,"Coarse-loamy, mixed, superactive, hyperthermic Aridic Calciustepts",Inceptisols,Ustepts,Calciustepts,Aridic Calciustepts,coarse-loamy,not used,superactive,not used,hyperthermic,Aridic (torric),hyperthermic,eleventh edition,,,,,,,N/A,N/A,,,,,2403318,13765609
0,5,10,Houla,Series,No,,,1.0,2.0,3.0,61,91,91,,,,,,,,,No,Well drained,76.19999694824219,144.8000030517578,213.39999389648438,0,180,360,erosion remnants on coastal plains,,,,21.100000381469727,22.200000762939453,22.799999237060547,559,610,660,,,,260,280,300,,,,,,,,,,,,,,,,,,,,,,,,,,,,,,,,,,,,,"Fine-loamy, mixed, superactive, hyperthermic Aridic Calciustolls",Mollisols,Ustolls,Calciustolls,Aridic Calciustolls,fine-loamy,not used,superactive,not used,hyperthermic,Aridic (torric),hyperthermic,eleventh edition,,,,,,,N/A,N/A,,,,,2403318,13765610
0,5,10,Mirasol,Series,No,,,1.0,3.0,8.0,40,61,91,,,,,,,,,No,Somewhat excessively drained,76.19999694824219,144.8000030517578,213.39999389648438,0,180,360,erosion remnants on coastal plains,,,,21.100000381469727,22.200000762939453,22.799999237060547,559,610,660,,,,260,280,300,,,,,,,,,,,,,,,,,,,,,,,,,,,,,,,,,,,,,"Loamy-skeletal, mixed, superactive, hyperthermic, shallow Typic Durustepts",Inceptisols,Ustepts,Durustepts,Typic Durustepts,loamy-skeletal,not used,superactive,not used,hyperthermic,Typic,hyperthermic,eleventh edition,,,,,,,N/A,N/A,,,,,2403318,13765611
0,4,10,Salco,Series,No,,,1.0,2.0,5.0,49,91,91,,,,,,,,,No,Well drained,76.19999694824219,144.8000030517578,213.39999389648438,0,180,360,erosion remnants on coastal plains,,,,21.100000381469727,22.200000762939453,22.799999237060547,559,610,660,,,,260,280,300,,,,,,,,,,,,,,,,,,,,,,,,,,,,,,,,,,,,,"Fine-loamy, mixed, superactive, hyperthermic Aridic Argiustolls",Mollisols,Ustolls,Argiustolls,Aridic Argiustolls,fine-loamy,not used,superactive,not used,hyperthermic,Aridic (torric),hyperthermic,eleventh edition,,,,,,,N/A,N/A,,,,,2403318,13765612
70,85,95,Lomart,Series,Yes,,,1.0,2.0,5.0,49,91,91,Low,3,86,4L,Class 1,Shrub cover,Native shrubs,,No,Well drained,76.19999694824219,144.8000030517578,213.39999389648438,0,180,360,erosion remnants on coastal plains,,0.30000001192092896,,21.100000381469727,22.200000762939453,22.799999237060547,559,610,660,,,,260,280,300,3,e,,,,,,6k,,1000,1800,2700,,,,,,,,,,,,,,,None,0,0,0,0,0,0,C,Moderate,Moderate,"Coarse-loamy, mixed, superactive, hyperthermic Aridic Calciustepts",Inceptisols,Ustepts,Calciustepts,Aridic Calciustepts,coarse-loamy,not used,superactive,not used,hyperthermic,Aridic (torric),hyperthermic,eleventh edition,,,,,,,N/A,N/A,,,,,2403318,13765613
50,80,90,Copita,Series,Yes,,,1.0,3.0,5.0,48,61,91,Medium,3,86,4L,Class 1,Shrub cover,Shrubby rangeland,,No,Well drained,167.6999969482422,216.39999389648438,266.70001220703125,0,135,360,low hills on coastal plains,,0.30000001192092896,,21.100000381469727,22.200000762939453,23.299999237060547,559,610,660,,,,265,295,320,4,e,,4,e,,,9,,1400,2800,3600,,,,,,,,,,,,,,,None,0,0,0,0,0,0,C,Moderate,High,"Fine-loamy, mixed, superactive, hyperthermic Aridic Calciustepts",Inceptisols,Ustepts,Calciustepts,Aridic Calciustepts,fine-loamy,not used,superactive,not used,hyperthermic,Aridic (torric),hyperthermic,eleventh edition,,,,,,,N/A,N/A,,,,,2403319,13765619
3,6,15,Fashing,Series,No,,,1.0,3.0,5.0,48,61,91,,,,,,,,,No,Well drained,167.6999969482422,216.39999389648438,266.70001220703125,0,135,360,ridges on coastal plains,,,,21.100000381469727,22.200000762939453,23.299999237060547,559,610,660,,,,265,295,320,,,,,,,,,,,,,,,,,,,,,,,,,,,,,,,,,,,,,"Clayey, smectitic, hyperthermic, shallow Entic Haplustolls",Mollisols,Ustolls,Haplustolls,Entic Haplustolls,clayey,not used,not used,not used,hyperthermic,Aridic (torric),hyperthermic,eleventh edition,,,,,,,N/A,N/A,,,,,2403319,13765620
3,6,15,Maverick,Series,No,,,1.0,3.0,5.0,48,61,91,,,,,,,,,No,Well drained,167.6999969482422,216.39999389648438,266.70001220703125,0,135,360,ridges on coastal plains,,,,21.100000381469727,22.200000762939453,23.299999237060547,559,610,660,,,,265,295,320,,,,,,,,,,,,,,,,,,,,,,,,,,,,,,,,,,,,,"Fine, smectitic, hyperthermic Aridic Haplustepts",Inceptisols,Ustepts,Haplustepts,Aridic Haplustepts,fine,not used,not used,not used,hyperthermic,Aridic (torric),hyperthermic,eleventh edition,,,,,,,N/A,N/A,,,,,2403319,13765621
4,8,20,Whitsett,Series,No,,,1.0,3.0,5.0,48,61,91,,,,,,,,,No,Well drained,167.6999969482422,216.39999389648438,266.70001220703125,0,135,360,ridges on coastal plains,,,,21.100000381469727,22.200000762939453,23.299999237060547,559,610,660,,,,265,295,320,,,,,,,,,,,,,,,,,,,,,,,,,,,,,,,,,,,,,"Fine-loamy, mixed, superactive, hyperthermic Typic Argiustolls",Mollisols,Ustolls,Argiustolls,Typic Argiustolls,fine-loamy,not used,superactive,not used,hyperthermic,Typic,hyperthermic,eleventh edition,,,,,,,N/A,N/A,,,,,2403319,13765622
75,85,90,Brundage,Series,Yes,,,0.0,2.0,3.0,30,91,91,Very high,2,86,3,Class 1,Shrub cover,Native shrubs,,No,Moderately well drained,51.79999923706055,131.10000610351562,228.60000610351562,0,135,360,flood plains on coastal plains,,0.30000001192092896,,21.700000762939453,22.200000762939453,22.799999237060547,457,533,584,,,,280,303,325,6,s,,6,s,,,10,,1500,2500,3000,,,,,,,,,,,,,,,None,0,0,0,0,0,0,D,High,High,"Fine-loamy, mixed, active, hyperthermic Aridic Natrustalfs",Alfisols,Ustalfs,Natrustalfs,Aridic Natrustalfs,fine-loamy,not used,active,not used,hyperthermic,Aridic (torric),hyperthermic,eleventh edition,,,,,,,N/A,N/A,,,,,2403320,13765633
0,8,15,Monwebb,Series,No,,,0.0,0.5,1.0,30,30,61,,,,,,,,,No,Moderately well drained,51.79999923706055,131.10000610351562,228.60000610351562,0,135,360,drainageways on coastal plains,,,,21.700000762939453,22.200000762939453,22.799999237060547,457,533,584,,,,280,303,325,,,,,,,,,,,,,,,,,,,,,,,,,,,,,,,,,,,,,"Fine, smectitic, hyperthermic Sodic Haplusterts",Vertisols,Usterts,Haplusterts,Sodic Haplusterts,fine,not used,not used,not used,hyperthermic,Aridic (torric),hyperthermic,eleventh edition,,,,,,,N/A,N/A,,,,,2403320,13765634
0,4,10,Tela,Series,No,,,0.0,2.0,3.0,30,91,91,,,,,,,,,No,Well drained,51.79999923706055,131.10000610351562,228.60000610351562,0,135,360,flood plains on coastal plains,,,,21.700000762939453,22.200000762939453,22.799999237060547,457,533,584,,,,280,303,325,,,,,,,,,,,,,,,,,,,,,,,,,,,,,,,,,,,,,"Fine-loamy, mixed, superactive, hyperthermic Aridic Argiustolls",Mollisols,Ustolls,Argiustolls,Aridic Argiustolls,fine-loamy,not used,superactive,not used,hyperthermic,Aridic (torric),hyperthermic,eleventh edition,,,,,,,N/A,N/A,,,,,2403320,13765635
0,2,5,Veleno,Series,No,,,0.0,0.5,1.0,30,30,61,,,,,,,,,No,Moderately well drained,51.79999923706055,131.10000610351562,228.60000610351562,0,135,360,drainageways on coastal plains,,,,21.700000762939453,22.200000762939453,22.799999237060547,457,533,584,,,,280,303,325,,,,,,,,,,,,,,,,,,,,,,,,,,,,,,,,,,,,,"Fine, mixed, active, hyperthermic Halic Haplusterts",Vertisols,Usterts,Haplusterts,Halic Haplusterts,fine,not used,active,not used,hyperthermic,Aridic (torric),hyperthermic,eleventh edition,,,,,,,N/A,N/A,,,,,2403320,13765636
0,1,3,Unnamed,,No,,hydric,0.0,0.5,1.0,30,30,61,,,,,None - deposition,Grass/herbaceous cover,Other grass/herbaceous cover,Neither wooded nor farmable under natural conditions,Yes,Poorly drained,51.79999923706055,131.10000610351562,228.60000610351562,0,135,360,depressions on flood plains on coastal plains,,,,21.700000762939453,22.200000762939453,22.799999237060547,457,533,584,,,,270,303,325,,,,,,,,10,,,,,,,,,,,,,,,,,,,None,0,0,0,0,0,0,,,,,,,,,,,,,hyperthermic,,hyperthermic,,,,,,,,N/A,N/A,,,,,2403320,13765637
80,90,100,Hebbronville,Series,Yes,,,1.0,2.0,3.0,,91,,Very low,5,86,3,Class 1,Shrub cover,Shrubby rangeland,,No,Well drained,76.0,90.0,190.0,85,135,190,sand sheets on coastal plains,,0.30000001192092896,,21.0,22.0,23.0,560,638,700,,,,270,290,310,3,e,,,,,,,,2000,3500,4400,,,,,,,,,,,,,,,None,0,0,0,,,,A,Low,Moderate,"Coarse-loamy, mixed, active, hyperthermic Aridic Haplustalfs",Alfisols,Ustalfs,Haplustalfs,Aridic Haplustalfs,coarse-loamy,not used,active,not used,hyperthermic,Ustic,hyperthermic,tenth edition,,,,,,,N/A,N/A,,,,,2403321,13765522
0,10,20,Unnamed,,No,,,,,,,,,,,,,,,,,No,,,,,,,,terraces on meander belts,,,,,,,,,,,,,,,,,,,,,,,,,,,,,,,,,,,,,,,,,,,,,,,,,,,,,,,,,,,,,,,,tenth edition,,,,,,,N/A,N/A,,,,,2403321,13765523
85,90,95,Monwebb,Series,Yes,,,0.0,0.5,1.0,30,30,61,High,5,86,4,None - deposition,Shrub cover,Native shrubs,,No,Moderately well drained,61.0,97.5,152.39999389648438,0,135,360,drainageways on coastal plains,,0.1599999964237213,,21.700000762939453,22.200000762939453,22.799999237060547,508,584,635,,,,270,290,340,6,s,,6,s,,,9n,,1500,3000,4000,,,,,,,,,,,,,,,None,0,0,0,0,0,0,D,High,High,"Fine, smectitic, hyperthermic Sodic Haplusterts",Vertisols,Usterts,Haplusterts,Sodic Haplusterts,fine,not used,not used,not used,hyperthermic,Aridic (torric),hyperthermic,eleventh edition,,,,,,,N/A,N/A,,,,,2403322,13765623
0,1,3,Unnamed,,No,,hydric,0.0,0.5,1.0,30,30,61,,,,,None - deposition,Grass/herbaceous cover,Other grass/herbaceous cover,Neither wooded nor farmable under natural conditions,Yes,Poorly drained,61.0,97.5,152.39999389648438,0,135,360,depressions on coastal plains,,,,21.700000762939453,22.200000762939453,22.799999237060547,508,584,635,,,,270,290,340,,,,,,,,10,,,,,,,,,,,,,,,,,,,None,0,0,0,0,0,0,,,,,,,,,,,,,hyperthermic,,hyperthermic,,,,,,,,N/A,N/A,,,,,2403322,13765624
0,3,5,Brennan,Series,No,,,0.0,0.5,1.0,30,30,61,,,,,,,,,No,Well drained,61.0,97.5,152.39999389648438,0,135,360,terraces on coastal plains,,,,21.700000762939453,22.200000762939453,22.799999237060547,508,584,635,,,,270,290,340,,,,,,,,,,,,,,,,,,,,,,,,,,,,,,,,,,,,,"Fine-loamy, mixed, superactive, hyperthermic Aridic Haplustalfs",Alfisols,Ustalfs,Haplustalfs,Aridic Haplustalfs,fine-loamy,not used,superactive,not used,hyperthermic,Aridic (torric),hyperthermic,eleventh edition,,,,,,,N/A,N/A,,,,,2403322,13765625
0,3,5,Moglia,Series,No,,,0.0,1.0,2.0,30,61,91,,,,,,,,,No,Well drained,61.0,97.5,152.39999389648438,0,135,360,low hills on coastal plains,,,,21.700000762939453,22.200000762939453,22.799999237060547,508,584,635,,,,270,290,340,,,,,,,,,,,,,,,,,,,,,,,,,,,,,,,,,,,,,"Fine-loamy, mixed, superactive, hyperthermic Aridic Calciustepts",Inceptisols,Ustepts,Calciustepts,Aridic Calciustepts,fine-loamy,not used,superactive,not used,hyperthermic,Aridic (torric),hyperthermic,eleventh edition,,,,,,,N/A,N/A,,,,,2403322,13765626
0,3,5,Viboras,Series,No,,,0.0,0.5,1.0,30,30,61,,,,,,,,,No,Well drained,61.0,97.5,152.39999389648438,0,135,360,structural benches on coastal plains,,,,21.700000762939453,22.200000762939453,22.799999237060547,508,584,635,,,,270,290,340,,,,,,,,,,,,,,,,,,,,,,,,,,,,,,,,,,,,,"Fine, mixed, superactive, hyperthermic Torrertic Haplustepts",Inceptisols,Ustepts,Haplustepts,Torrertic Haplustepts,fine,not used,superactive,not used,hyperthermic,Aridic (torric),hyperthermic,eleventh edition,,,,,,,N/A,N/A,,,,,2403322,13765627
